"sat","tothrs","cumgpa","season","frstsem","crsgpa","verbmath","trmgpa","hssize","hsrank","id","female","black","white","ctrmgpa","ctothrs","ccrsgpa","ccrspop","cseason","hsperc","football"
920,43,2.03999996185303,1,0,2.50769996643066,0.483869999647141,2.25,10,4,22,1,0,0,0.75,12,-0.138700008392334,-62.25,1,40,0
780,43,2.08999991416931,1,0,2.88389992713928,0.813950002193451,1.60000002384186,123,102,35,0,0,1,-0.600000023841858,15,0.0160000324249268,-73.25,1,82.9268264770508,0
810,14,1.77999997138977,1,0,2.55999994277954,0.883719980716705,1.28999996185303,119,42,36,0,0,1,-0.310000061988831,14,-0.203400135040283,72.3299560546875,1,35.294116973877,0
1080,17,2,0,0,2.47639989852905,0.800000011920929,2.73000001907349,318,31,156,0,0,1,0.730000019073486,17,-0.0385000705718994,-320.199951171875,-1,9.74842739105225,0
960,106,2.41000008583069,0,0,2.74140000343323,1,2.59999990463257,383,66,246,0,0,1,-0.200000047683716,15,-0.112099885940552,-92.8000183105469,-1,17.2323760986328,0
790,12,1.1599999666214,0,0,2.59179997444153,1.13513994216919,0.25,44,27,264,0,1,0,-1.03999996185303,12,0.178099870681763,-661.169982910156,-1,61.3636360168457,0
820,41,1.87000000476837,1,0,2.92890000343323,0.78260999917984,2,344,36,326,1,1,0,0.5,16,0.299200057983398,-780.599975585938,0,10.4651165008545,0
820,42,2.08999991416931,0,0,2.70919990539551,0.906979978084564,1.60000002384186,228,155,410,0,0,1,-0.899999976158142,12,0.0978000164031982,-323,-1,67.9824523925781,0
1040,17,2.17000007629395,1,0,2.56430006027222,0.925930023193359,2.13000011444092,91,8,412,0,0,1,-0.0499999523162842,17,0.166000127792358,-113.5,0,8.79120922088623,0
730,50,1.89999997615814,0,0,2.86960005760193,0.780489981174469,2.5,482,273,428,0,1,0,0.75,16,0.0710000991821289,14.5,-1,56.6390037536621,1
780,71,2.40000009536743,0,0,2.75550007820129,0.695649981498718,2.32999992370605,78,17,452,0,0,1,-0.170000076293945,12,-0.139999866485596,-217.330017089844,-1,21.7948722839355,1
830,74,1.97000002861023,1,0,2.63980007171631,1.02438998222351,1.39999997615814,196,54,477,0,1,0,-0.350000023841858,12,-0.302199840545654,-540.25,0,27.5510196685791,0
710,132,1.87999999523163,0,0,3.01749992370605,1.08824002742767,1.08000004291534,300,226,509,0,1,0,0.580000042915344,12,0.39769983291626,-113.75,-1,75.3333358764648,1
980,47,2,0,0,2.83789992332458,0.921570003032684,2.10999989509583,152,45,513,0,1,0,0.359999895095825,12,0.43209981918335,-99,-1,29.6052627563477,1
740,105,1.9099999666214,0,0,2.88059997558594,0.897440016269684,1.5,312,161,528,0,1,0,0.25,12,0.455600023269653,-349.75,-1,51.6025657653809,1
1180,105,3,1,0,2.57979989051819,0.873019993305206,3,637,255,552,0,0,1,0.25,12,-0.329900026321411,-106.5,0,40.0313987731934,0
700,38,2.39000010490417,1,0,2.94180011749268,1,1.60000002384186,32,22,628,0,0,1,-0.899999976158142,12,-0.183099985122681,-38,0,68.75,0
520,84,1.66999995708466,0,0,3.21810007095337,1,2,462,358,648,0,0,1,-0.25,12,0.383500099182129,308.049987792969,-1,77.4891738891602,1
720,51,1.63999998569489,0,0,2.89630007743835,0.846149981021881,1.60000002384186,283,76,657,0,1,0,0.350000023841858,12,0.298700094223022,10.449951171875,-1,26.8551235198975,1
940,17,2.57999992370605,0,0,2.74550008773804,0.773580014705658,2.63000011444092,194,85,684,1,0,1,0,17,0.0645999908447266,337.659973144531,-1,43.8144340515137,0
960,15,2.32999992370605,0,0,2.519700050354,0.777779996395111,1.33000004291534,447,320,686,0,1,0,-0.729999899864197,15,-0.404099941253662,569.239990234375,-1,71.5883636474609,1
870,40,2.04999995231628,1,0,2.84710001945496,0.851059973239899,1.28999996185303,371,259,692,0,0,1,-0.789999961853027,13,0.00430011749267578,57.3300170898438,0,69.8113174438477,0
890,37,2.45000004768372,0,0,2.95479989051819,0.779999971389771,3,124,50,697,0,0,1,0.5,12,0.325899839401245,108.25,-1,40.322582244873,0
840,100,2.05999994277954,1,0,2.644700050354,1,2.28999996185303,116,16,706,0,0,1,0.289999961853027,15,-0.071699857711792,-215.22998046875,1,13.7931032180786,0
810,42,2.64000010490417,0,0,3.22270011901855,1.07692003250122,2.84999990463257,227,56,744,1,0,1,0.349999904632568,12,0.712200164794922,-427.400024414062,-1,24.6696033477783,0
820,40,2.25,0,0,2.8461000919342,1.10256004333496,3,571,344,759,0,0,0,0.670000076293945,9,0.04830002784729,447.070007324219,-1,60.2451820373535,0
970,39,2.41000008583069,1,0,2.87630009651184,0.672410011291504,2,566,83,771,0,0,1,0.25,16,0.299200057983398,93.1500244140625,1,14.6643114089966,0
790,17,2.8199999332428,0,0,2.63709998130798,1.07895004749298,1.75,597,72,792,0,0,1,-1.0699999332428,17,-0.0654001235961914,-361.920043945312,-1,12.0603017807007,1
800,13,2.15000009536743,1,0,2.7441999912262,0.818180024623871,2.64000010490417,310,95,798,1,0,1,0.509999990463257,13,0.0794000625610352,-189.400024414062,0,30.6451606750488,0
680,49,2.80999994277954,1,0,2.48090004920959,0.743589997291565,2,328,122,806,1,0,1,-0.559999942779541,16,-0.418499946594238,-267.420043945312,0,37.1951217651367,0
850,15,2.66000008583069,1,0,2.72259998321533,0.808510005474091,3.0699999332428,73,5,809,1,0,1,0.359999895095825,15,-0.110199928283691,33.699951171875,0,6.84931516647339,0
820,95,2.25999999046326,1,0,2.94919991493225,0.708329975605011,2,131,98,823,0,0,1,-0.200000047683716,15,0.0512998104095459,-220.200012207031,1,74.8091583251953,0
1120,12,2.32999992370605,1,0,2.50110006332397,0.671639978885651,2.25,488,20,828,0,0,1,-0.0799999237060547,12,0.332800149917603,-30.3299560546875,0,4.09836053848267,0
450,13,1.69000005722046,0,0,2.70770001411438,0.800000011920929,1.78999996185303,118,46,831,0,1,0,0.360000014305115,12,-0.211100101470947,-51.469970703125,-1,38.9830513000488,1
880,43,2.36999988555908,1,0,2.7853000164032,1.0952399969101,2.5,407,70,836,1,0,1,0.0899999141693115,17,-0.386699914932251,-68.5,0,17.1990165710449,0
1010,42,1.33000004291534,0,0,2.67470002174377,1.14893996715546,2.5,106,55,863,0,0,1,1.23000001907349,14,-0.129999876022339,249.25,-1,51.886791229248,0
920,12,1.6599999666214,1,0,2.79250001907349,1.04444003105164,2.84999990463257,149,91,872,0,0,1,0.989999890327454,12,0.455199956893921,226.150024414062,1,61.0738258361816,0
830,83,1.95000004768372,1,0,3.07329988479614,0.84443998336792,1.60000002384186,200,84,889,0,1,0,-1.19999992847443,13,0.168599843978882,-344,0,42,0
590,49,1.76999998092651,0,0,2.68300008773804,0.68571001291275,1.75,480,337,910,0,1,0,1.25,12,0.141700029373169,-174.5,-1,70.2083358764648,1
500,14,1.21000003814697,1,0,2.88750004768372,1.27272999286652,1.62000000476837,457,329,911,0,0,1,0.409999966621399,14,0.0225000381469727,-5.1600341796875,0,71.9912490844727,0
1050,73,2.69000005722046,0,0,3.08540010452271,1.05882000923157,3.35999989509583,160,98,916,0,0,1,0.549999952316284,16,0.460500001907349,-477.930023193359,-1,61.25,0
570,79,1.73000001907349,0,0,2.62829995155334,0.965520024299622,0.75,324,187,942,0,1,0,-0.25,12,-0.117200136184692,429,-1,57.7160491943359,1
970,79,3.22000002861023,1,0,2.68449997901917,0.763639986515045,3.17000007629395,5,1,1077,1,0,1,-0.230000019073486,15,0.0748999118804932,-189.829986572266,0,20,0
650,52,2.19000005722046,0,0,2.83640003204346,0.805559992790222,2.25,206,57,1094,0,0,1,0.25,12,0.204900026321411,-502.75,-1,27.6699028015137,1
1140,71,2.60999989509583,0,0,2.85279989242554,0.583329975605011,2.38000011444092,241,24,1128,0,0,1,-0.0199999809265137,15,0.0676999092102051,-80.3999938964844,-1,9.95850658416748,0
1180,87,3.08999991416931,0,0,2.94569993019104,1.18518996238708,3.11999988555908,469,36,1141,0,0,1,-0.350000143051147,18,0.0236999988555908,-194.000015258789,-1,7.67590618133545,0
770,25,1.91999995708466,0,0,3.0706000328064,0.833329975605011,2,486,397,1157,0,0,1,0,9,0.171900033950806,-125.999984741211,-1,81.6872406005859,0
960,16,3.55999994277954,1,0,2.69869995117188,0.882350027561188,3.80999994277954,430,65,1185,1,0,1,0.339999914169312,16,0.178499937057495,209.5,0,15.1162786483765,0
720,16,1.92999994754791,1,0,2.73740005493164,0.945949971675873,2.23000001907349,430,230,1187,1,0,0,0.230000019073486,16,0.0590000152587891,95.5,1,53.4883728027344,0
750,12,1.9099999666214,1,0,2.70919990539551,1.08333003520966,2,341,270,1204,0,0,1,0.0800000429153442,12,-0.259999990463257,452.169982910156,1,79.1788864135742,0
960,45,3.01999998092651,1,0,3.04550004005432,0.882350027561188,3.76999998092651,10,3,1277,1,0,1,0.460000038146973,13,0.25629997253418,-540.599975585938,0,30,0
970,79,2.02999997138977,0,0,2.70219993591309,0.732140004634857,2.28999996185303,10,3,1315,0,0,1,0.289999961853027,12,0.0046999454498291,-88.6699829101562,-1,30,1
1070,74,2.05999994277954,0,0,2.92379999160767,0.783330023288727,2,288,65,1390,0,0,1,0.149999976158142,12,-0.0197999477386475,-273.25,-1,22.5694446563721,1
940,50,2.53999996185303,1,0,2.86509990692139,0.709089994430542,2.13000011444092,251,45,1485,0,0,1,-0.199999809265137,18,0.0402998924255371,40.3300170898438,1,17.9282875061035,0
1100,71,2.60999989509583,0,0,2.73309993743896,0.803279995918274,2.07999992370605,306,99,1640,0,0,1,-0.420000076293945,12,-0.156399965286255,-52.1500015258789,-1,32.3529396057129,0
1110,65,2.0699999332428,1,0,2.77999997138977,0.947369992733002,2.69000005722046,216,125,1736,0,0,1,0.539999961853027,13,0.0350000858306885,-42.3500061035156,0,57.8703689575195,0
860,92,2.13000011444092,1,0,2.69199991226196,0.457630008459091,2.75,274,110,1750,0,0,1,-0.390000104904175,14,-0.493499994277954,-55.1499938964844,0,40.1459846496582,0
1110,45,3.76999998092651,1,0,2.65939998626709,0.913789987564087,3.69000005722046,48,20,1863,1,0,1,0.059999942779541,16,-0.373699903488159,-453.450012207031,0,41.6666679382324,0
850,103,2,0,0,3.13779997825623,1.02381002902985,2.59999990463257,244,146,1903,1,0,1,0.659999847412109,16,-0.110899925231934,-190.869995117188,-1,59.836067199707,0
750,12,1.4099999666214,1,0,3.03320002555847,1.08333003520966,2.75,48,26,1984,1,0,1,1.48000001907349,12,0.592499971389771,-64.5,0,54.1666679382324,0
840,16,2.11999988555908,1,0,2.8850998878479,0.787230014801025,2.30999994277954,48,32,1986,1,0,1,0.309999942779541,16,0.378599882125854,-104.469970703125,0,66.6666641235352,0
1050,15,1.79999995231628,1,0,2.53900003433228,0.75,1.23000001907349,620,266,2001,0,0,1,-0.569999933242798,15,0.154200077056885,-6.4000244140625,0,42.9032249450684,0
890,43,2.26999998092651,1,0,2.98469996452332,0.854170024394989,2.61999988555908,550,114,2014,1,0,1,0.119999885559082,14,0.157999992370605,150.469970703125,0,20.7272720336914,0
890,75,1.98000001907349,1,0,2.99810004234314,1.22500002384186,2.94000005722046,768,451,2046,1,0,1,0.690000057220459,12,0.0483999252319336,-60.7000122070312,0,58.7239570617676,0
830,40,1.66999995708466,0,0,2.84980010986328,0.930230021476746,2.71000003814697,161,147,2101,0,0,1,1,14,0.411100149154663,-333,-1,91.3043441772461,0
850,11,1.80999994277954,0,0,2.88809990882874,1.02381002902985,1.73000001907349,179,153,2103,0,0,1,-0.670000076293945,11,0.180399894714355,-486.75,-1,85.4748611450195,0
770,15,2.46000003814697,0,0,2.92799997329712,0.878050029277802,2.30999994277954,620,461,2107,0,0,1,0,15,0.183599948883057,-254.429931640625,-1,74.3548355102539,1
910,52,2.46000003814697,0,0,2.46099996566772,0.895829975605011,2.25,386,190,2333,0,1,0,-0.289999961853027,13,-0.441699981689453,-39.4500122070312,-1,49.2227973937988,1
910,15,0.600000023841858,1,0,2.41969990730286,0.819999992847443,1.57000005245209,563,328,2395,0,0,1,1.14000010490417,15,-0.353900194168091,255.169982910156,0,58.2593269348145,0
1110,46,2.67000007629395,1,0,2.77509999275208,0.790319979190826,3,4,2,2470,1,0,1,0.309999942779541,16,0.0281999111175537,-12.1999816894531,0,50,0
1090,99,2.38000011444092,0,0,2.98070001602173,0.847459971904755,2.79999995231628,320,55,2487,1,0,1,0.599999904632568,15,0.120800018310547,-21.2000045776367,-1,17.1875,0
1170,73,3.27999997138977,1,0,2.76270008087158,0.746270000934601,3.32999992370605,470,127,2532,0,0,1,0,18,0.0633001327514648,-311.5,1,27.021276473999,0
760,44,3,0,0,2.77340006828308,0.94871997833252,3.20000004768372,670,71,2583,0,0,0,-0.240000009536743,16,-0.210999965667725,101.200012207031,-1,10.5970153808594,0
780,14,2.84999990463257,0,0,2.89910006523132,0.902440011501312,2.64000010490417,654,81,2586,1,0,0,-0.240000009536743,14,0.141499996185303,-287.999938964844,-1,12.3853206634521,0
670,123,1.96000003814697,0,0,2.51110005378723,0.810810029506683,0,277,61,2736,0,1,0,-1.5,12,-0.134199857711792,609.5,-1,22.0216598510742,1
870,67,2.22000002861023,0,0,2.73510003089905,0.891300022602081,1.75,462,236,2765,0,0,1,-0.5,12,-0.0966999530792236,175.75,-1,51.0822525024414,0
850,61,1.87999999523163,0,0,2.77620005607605,0.770829975605011,1.63999998569489,401,45,2902,0,0,1,0.309999942779541,9,0.0963001251220703,-191.799987792969,-1,11.22194480896,1
790,71,1.87000000476837,1,0,3.00239992141724,0.680850028991699,2.75,403,193,2931,0,0,1,1.17999994754791,14,0.35099983215332,-347.599975585938,1,47.8908195495605,0
1180,81,1.82000005245209,0,0,2.40610003471375,0.873019993305206,2,321,167,3047,0,0,1,-1,12,-0.306699991226196,-86.7999877929688,-1,52.0249214172363,1
940,77,2.42000007629395,0,0,3.09540009498596,0.649119973182678,2.38000011444092,375,87,3177,0,0,1,-0.119999885559082,12,-0.0468997955322266,-225.670013427734,-1,23.2000007629395,1
850,14,1.57000005245209,1,0,2.79889988899231,0.808510005474091,2.23000001907349,448,207,3181,1,0,1,0.629999995231628,14,0.120199918746948,-161.170043945312,1,46.2053565979004,0
540,92,1.9099999666214,0,0,2.55900001525879,0.588240027427673,0.75,577,402,3249,0,1,0,-1,12,-0.178099870681763,440,-1,69.6707077026367,1
930,43,3.48000001907349,1,0,2.93370008468628,1.0217399597168,3,604,27,3321,1,0,1,-0.799999952316284,15,0.213800191879272,15.800048828125,0,4.47019863128662,0
810,44,2.35999989509583,1,0,2.79299998283386,1.02499997615814,2.80999994277954,520,214,3438,0,0,1,0.0199999809265137,14,0.0845999717712402,433.950012207031,0,41.1538467407227,0
1130,92,3.92000007629395,0,0,2.84890007972717,0.793649971485138,3.63000011444092,450,1,3482,1,0,1,-0.369999885559082,15,0.115900039672852,-130.229995727539,-1,0.222222223877907,0
940,40,3.25,1,0,3.12409996986389,0.46875,3.07999992370605,303,84,3665,0,0,1,-0.420000076293945,12,0.447399854660034,-828.849975585938,0,27.7227725982666,0
1010,95,2.46000003814697,1,0,2.9054000377655,0.942309975624084,3.40000009536743,457,123,3718,0,0,1,0.400000095367432,15,0.267400026321411,-105.399993896484,1,26.9146614074707,0
930,50,1.87999999523163,0,0,2.99160003662109,1.0217399597168,2.23000001907349,288,197,3728,0,0,1,0.980000019073486,12,0.32480001449585,204.25,-1,68.4027786254883,1
850,78,2.0699999332428,1,0,2.89919996261597,0.931819975376129,1.94000005722046,537,234,3758,0,0,1,-0.059999942779541,12,0.240400075912476,75.8300018310547,0,43.5754203796387,0
1160,98,3.47000002861023,1,0,3.06010007858276,0.933329999446869,3.29999995231628,637,101,3809,1,0,1,-0.100000143051147,15,0.0643000602722168,69.5299987792969,0,15.8555727005005,0
900,101,2.80999994277954,1,0,3.01430010795593,0.914889991283417,2.59999990463257,637,76,3847,1,0,1,-0.400000095367432,15,0.00540018081665039,138.600006103516,0,11.930926322937,0
920,102,2.60999989509583,1,0,3.08470010757446,0.877550005912781,2.46000003814697,637,163,3861,1,0,1,0.380000114440918,13,0.14460015296936,-130.050003051758,0,25.5886974334717,0
1020,12,1.1599999666214,0,0,2.88089990615845,0.789470016956329,0.75,330,160,3920,0,0,1,-0.679999947547913,12,0.569099903106689,227,-1,48.4848480224609,0
660,92,1.86000001430511,0,0,2.78299999237061,0.783779978752136,0.75,251,130,3964,0,0,0,-0.75,12,-0.0146000385284424,299.5,-1,51.7928276062012,1
870,14,3.5,1,0,2.64829993247986,0.775510013103485,2.61999988555908,10,2,4065,1,1,0,-0.820000171661377,14,-0.236299991607666,124.099975585938,0,20,0
1100,49,2.97000002861023,0,0,2.71979999542236,0.864409983158112,3.25,172,137,4105,0,0,1,0.460000038146973,14,-0.14739990234375,210,-1,79.6511611938477,1
960,42,2.5699999332428,0,0,2.80259990692139,0.684210002422333,2.17000007629395,204,51,4247,0,0,1,-0.829999923706055,12,0.101699829101562,-273.669982910156,-1,25,0
540,112,2.17000007629395,0,0,2.5511999130249,0.928569972515106,1.25,240,151,4350,0,1,0,-0.75,12,-0.0915000438690186,-56.5,-1,62.9166679382324,1
700,15,2.59999990463257,0,0,2.78419995307922,0.794870018959045,1.91999995708466,238,102,4368,0,1,0,-0.490000128746033,15,-0.156199932098389,490.859985351562,-1,42.8571434020996,1
490,134,1.99000000953674,1,0,2.39730000495911,0.689660012722015,0,92,50,4396,0,1,0,-2.38000011444092,13,-0.730200052261353,-177.099975585938,0,54.347827911377,0
750,74,2.44000005722046,0,0,2.98580002784729,0.973680019378662,2.5,215,68,4437,0,0,1,0.75,12,0.110599994659424,-186.789978027344,-1,31.6279067993164,1
980,14,2,0,0,2.74519991874695,0.75,1.5,190,42,4487,0,0,1,-0.5,14,0.424999952316284,317.25,-1,22.1052627563477,1
870,108,2.22000002861023,0,0,2.89759993553162,0.740000009536743,2.67000007629395,302,67,4716,0,1,0,0.470000028610229,15,0.182899951934814,-260.570007324219,-1,22.1854305267334,1
680,107,2.03999996185303,1,0,2.79719996452332,0.619050025939941,2.63000011444092,91,13,4835,1,1,0,0.480000019073486,13,-0.0322000980377197,149.100006103516,0,14.2857141494751,0
1220,42,2.75999999046326,0,0,2.99469995498657,0.671230018138885,3.15000009536743,10,3,4867,0,0,0,0.00999999046325684,14,0.0494999885559082,-509.799987792969,-1,30,0
1100,44,3.51999998092651,1,0,2.66420006752014,0.774190008640289,3.38000011444092,10,1,4929,1,0,1,-0.21999979019165,15,0.125699996948242,-579.929992675781,0,10,0
1100,70,2.30999994277954,1,0,2.65079998970032,1.03703999519348,2.25999999046326,10,6,4950,0,0,1,-0.740000009536743,9,-0.224400043487549,-440.339996337891,0,60,0
730,47,2.23000001907349,1,0,2.61350011825562,0.586960017681122,1.69000005722046,260,116,5136,0,1,0,0.690000057220459,12,-0.211499929428101,-189,0,44.6153831481934,0
830,89,1.91999995708466,0,0,2.88159990310669,0.729170024394989,1.13999998569489,457,279,5170,0,0,1,-0.360000014305115,12,0.17549991607666,-249.300003051758,-1,61.0503273010254,1
820,117,2.47000002861023,0,0,2.8283998966217,0.78260999917984,2,98,16,5289,0,0,1,-0.380000114440918,13,-0.101000070571899,-5.54998779296875,-1,16.326530456543,1
580,121,2.05999994277954,0,0,2.7393000125885,0.870970010757446,1.44000005722046,534,89,5319,0,1,0,-0.960000038146973,15,-0.0975000858306885,-115.330017089844,-1,16.6666660308838,1
740,14,2.0699999332428,1,0,3.03760004043579,1.05555999279022,2.5,61,8,5332,0,0,1,0.5,14,0.380500078201294,-480.659973144531,1,13.1147537231445,0
670,82,1.88999998569489,0,0,2.80949997901917,0.810810029506683,1.33000004291534,76,58,5349,0,1,0,1,12,0.420199871063232,266.330017089844,-1,76.315788269043,1
720,51,2.23000001907349,0,0,3.26259994506836,0.56521999835968,2.25,10,7,5397,0,0,0,0.25,12,0.576599836349487,53.25,-1,70,1
690,51,1.72000002861023,0,0,2.59730005264282,0.916670024394989,2.25,214,86,5406,0,1,0,1.25,15,-0.0794000625610352,400.849975585938,-1,40.1869163513184,1
830,13,1.29999995231628,0,0,2.6596999168396,0.930230021476746,1.20000004768372,10,5,5429,0,1,0,0.270000040531158,12,-0.342000007629395,407.72998046875,-1,50,1
1020,44,2,0,0,3.15729999542236,0.619050025939941,2.23000001907349,697,463,5542,0,0,1,-0.0799999237060547,13,0.359100103378296,-920,-1,66.4275436401367,1
1090,95,2.85999989509583,1,0,2.84170007705688,0.703130006790161,2.75,472,67,5606,0,0,1,0,12,-0.180899858474731,-14,0,14.1949148178101,0
750,52,1.87999999523163,0,0,2.81419992446899,0.666670024394989,2.75,412,178,5750,0,0,1,0.369999885559082,13,-0.281599998474121,38.9500122070312,-1,43.2038841247559,1
850,42,1.79999995231628,1,0,2.95390009880066,1.07316994667053,2,405,117,5803,0,0,1,0.75,12,0.438400030136108,-294.5,0,28.8888893127441,0
970,71,1.98000001907349,0,0,3.14590001106262,0.865379989147186,2,10,4,5865,0,0,1,-0.5,1,0.206500053405762,-127,-1,40,0
1020,108,3.24000000953674,1,0,2.78139996528625,0.672129988670349,3.5,450,39,5950,1,0,1,0.5,15,-0.0415000915527344,77.6999969482422,0,8.66666698455811,0
770,44,2.20000004768372,1,0,2.87050008773804,0.790700018405914,2.47000002861023,430,250,6023,0,0,1,-0.339999914169312,16,0.0287001132965088,-141.669982910156,0,58.139533996582,0
900,15,2.73000001907349,0,0,2.56809997558594,1.09301996231079,2,10,5,6057,0,0,1,-0.730000019073486,15,-0.192800045013428,560.999938964844,-1,50,0
730,16,1.67999994754791,0,0,2.92810010910034,0.921050012111664,2.0699999332428,10,5,6060,0,0,1,0.599999904632568,15,0.00870013236999512,386.379974365234,-1,50,1
960,15,2.05999994277954,0,0,2.58380007743835,0.777779996395111,2.59999990463257,46,10,6169,0,0,1,0.419999837875366,15,0.139000177383423,43.199951171875,-1,21.7391300201416,1
980,45,1.97000002861023,0,0,2.75460004806519,0.719299972057343,2.74000000953674,568,384,6188,0,0,1,0.940000057220459,15,0.0467000007629395,227.889953613281,-1,67.6056365966797,0
870,49,2.44000005722046,0,0,2.77369999885559,0.775510013103485,2.55999994277954,227,27,6279,1,0,1,0.369999885559082,16,-0.0961000919342041,-17.800048828125,-1,11.8942728042603,0
950,45,2.85999989509583,1,0,2.96749997138977,1.02128005027771,2.80999994277954,569,218,6367,1,0,1,-0.190000057220459,16,0.0388000011444092,-51.1299743652344,0,38.3128280639648,0
830,69,1.80999994277954,0,0,2.66639995574951,1.02438998222351,0.400000005960464,546,285,6386,0,0,1,-1.10000002384186,12,-0.210200071334839,-332.5,-1,52.1978034973145,1
790,87,2.71000003814697,1,0,3.32599997520447,1.39393997192383,3,677,96,6461,1,0,1,0,15,0.296299934387207,-152.25,0,14.1802072525024,0
1010,41,2.97000002861023,0,0,2.43950009346008,0.741379976272583,2.61999988555908,266,10,6495,1,0,1,-0.380000114440918,14,-0.125699996948242,-916,-1,3.75939846038818,0
1050,76,2.59999990463257,1,0,2.58100008964539,1.10000002384186,2.20000004768372,162,22,6510,1,0,1,0.200000047683716,15,0.0573999881744385,-25,0,13.580246925354,0
860,75,2.75999999046326,1,0,2.76250004768372,0.720000028610229,2.59999990463257,113,29,6535,1,0,1,-0.650000095367432,16,-0.113100051879883,-206.299987792969,1,25.6637172698975,0
1140,38,3.51999998092651,0,0,2.40370011329651,0.965520024299622,3.25,454,36,6542,0,0,1,0.25,12,-0.29289984703064,-157.75,-1,7.92951536178589,0
860,74,2.78999996185303,0,0,3.00950002670288,0.720000028610229,2.79999995231628,323,9,6595,0,0,1,-0.400000095367432,15,0.359200000762939,-57,-1,2.78637766838074,0
940,71,2.27999997138977,1,0,3.49629998207092,0.843140006065369,3.41000008583069,385,105,6647,1,0,1,0.870000123977661,13,0.460200071334839,-89.9300079345703,0,27.2727279663086,0
810,78,2.38000011444092,1,0,3.18790006637573,0.928569972515106,2.84999990463257,385,165,6657,1,0,1,0.159999847412109,13,0.168600082397461,-292.200012207031,0,42.8571434020996,0
850,15,2.59999990463257,0,0,2.71609997749329,0.84782999753952,3,256,39,6665,0,0,1,0.349999904632568,15,0.129899978637695,176.429931640625,-1,15.234375,0
1290,43,2.41000008583069,1,0,2.66339993476868,0.816900014877319,3.5,82,45,6700,0,0,1,0.299999952316284,15,0.11269998550415,-419.5,0,54.8780479431152,0
1170,17,3.41000008583069,1,0,2.69370007514954,0.828130006790161,3.25,64,4,6714,1,0,1,-0.160000085830688,17,0.0218000411987305,-313.869934082031,0,6.25,0
1100,42,3.10999989509583,1,0,2.58200001716614,0.774190008640289,2.75,53,10,6869,0,0,1,-0.25,15,-0.0337998867034912,77.5,1,18.8679237365723,0
1430,78,3.54999995231628,1,0,2.86290001869202,0.833329975605011,3.76999998092651,285,14,6877,0,0,1,0.0999999046325684,12,0.230200052261353,12.6600036621094,0,4.91228055953979,0
760,40,2.29999995231628,1,0,2.8568000793457,1.17142999172211,2.07999992370605,272,163,6901,0,0,1,-0.320000171661377,15,0.201500177383423,-526.399963378906,1,59.9264717102051,0
820,103,2.30999994277954,1,0,3.28559994697571,0.78260999917984,3,5,2,6926,1,0,1,0.710000038146973,7,-0.151000022888184,-54.5800018310547,0,40,0
620,70,1.97000002861023,1,0,2.75500011444092,1,2.15000009536743,200,152,6935,0,1,0,-0.0999999046325684,11,-0.306099891662598,436.329986572266,0,76,0
1080,79,2.41000008583069,1,0,2.82629990577698,0.661539971828461,2.79999995231628,10,3,6946,0,0,1,-0.0299999713897705,18,0.139699935913086,-16.8299865722656,1,30,0
850,36,1.76999998092651,0,0,2.75340008735657,0.84782999753952,3,358,135,7255,0,0,1,1.75,12,0.251399993896484,-621,-1,37.7094955444336,1
1060,53,1.76999998092651,0,0,2.78690004348755,0.796609997749329,2.15000009536743,299,149,7285,0,0,1,0.480000138282776,12,-0.160399913787842,-357,-1,49.8327751159668,1
1030,100,2.75999999046326,1,0,3.16400003433228,0.907410025596619,3.20000004768372,5,2,7467,1,0,1,0.450000047683716,12,0.208300113677979,7.19999694824219,0,40,0
1070,48,2.25,1,0,2.88759994506836,0.813560009002686,2.94000005722046,485,74,7476,1,0,1,-0.059999942779541,17,0.071699857711792,-278.799987792969,0,15.2577323913574,0
940,43,2.41000008583069,1,0,2.7033998966217,0.649119973182678,2.23000001907349,485,203,7491,0,0,1,-0.329999923706055,16,-0.0825002193450928,-224.400024414062,1,41.8556709289551,0
1130,109,2.67000007629395,1,0,3.01769995689392,0.793649971485138,3.28999996185303,179,104,7944,0,0,1,0.889999866485596,15,0.453000068664551,-98.1299896240234,0,58.1005592346191,0
910,17,2.8199999332428,1,0,2.61059999465942,0.857140004634857,3.05999994277954,10,3,8111,0,0,1,0.319999933242798,17,0.0185000896453857,121.840087890625,1,30,0
990,116,3.29999995231628,0,0,3.64890003204346,0.677969992160797,4,321,27,8160,1,0,1,0.25,12,0.172500133514404,-88.5,-1,8.41121482849121,0
950,97,2.73000001907349,1,0,2.95799994468689,0.79245001077652,2.59999990463257,457,45,8197,0,0,1,-0.400000095367432,15,0.0318000316619873,-104.400024414062,1,9.84682750701904,0
1100,15,4,1,0,2.6085000038147,1,3.25,223,16,8221,1,0,1,-0.75,15,0.213500022888184,10.22998046875,1,7.17488765716553,0
800,41,2.41000008583069,1,0,2.94129991531372,0.904760003089905,2.76999998092651,325,67,8294,1,0,1,0.460000038146973,15,0.0142998695373535,-76.3699951171875,0,20.615385055542,0
920,38,3.27999997138977,0,0,2.59069991111755,0.957449972629547,3.32999992370605,407,173,8324,0,0,1,0.0799999237060547,12,-0.186300039291382,484.670043945312,-1,42.5061416625977,1
1210,16,4,0,0,2.63949990272522,0.833329975605011,4,546,12,8386,0,0,1,0,16,0.0707998275756836,-149.5,-1,2.19780230522156,0
1350,77,3.40000009536743,1,0,3.11759996414185,0.901409983634949,4,5,4,8413,1,0,1,0.400000095367432,15,0.580199956893921,400.800018310547,0,80,0
750,13,0,0,0,3.15319991111755,1.34375,1.28999996185303,194,182,8415,0,0,1,1.28999996185303,13,0.756999969482422,-284.25,-1,93.8144302368164,0
820,69,2.71000003814697,0,0,2.90899991989136,0.822220027446747,2.94000005722046,210,17,8435,0,0,1,0.340000152587891,15,0.263599872589111,-175.730041503906,-1,8.09523773193359,0
820,66,2.13000011444092,0,0,2.92569994926453,0.822220027446747,2.28999996185303,214,55,8441,0,0,1,-0.210000038146973,12,0.349799871444702,-72.4500122070312,-1,25.7009353637695,0
1010,93,1.74000000953674,1,0,2.95040011405945,0.655740022659302,2.61999988555908,408,140,8557,0,0,1,1.70999979972839,11,0.296200037002563,264.600006103516,0,34.3137245178223,0
1040,16,2.4300000667572,1,0,2.65560007095337,0.793099999427795,2.63000011444092,193,37,8656,1,0,1,0.130000114440918,16,0.0618000030517578,-262.659912109375,0,19.1709842681885,0
1150,17,1.75999999046326,1,0,2.39039993286133,0.796880006790161,2.30999994277954,283,13,8754,1,0,1,0.549999952316284,17,0.127399921417236,-713.419982910156,0,4.5936393737793,0
1000,44,2.4300000667572,1,0,2.97469997406006,0.754390001296997,3.46000003814697,159,67,8760,1,0,1,1.05999994277954,15,0.444599866867065,-608,1,42.1383628845215,0
880,70,2,0,0,2.94370007514954,1.20000004768372,1.75,230,82,8834,0,1,0,1.25,12,0.299900054931641,130.25,-1,35.652172088623,1
640,52,1.73000001907349,0,0,3.03760004043579,1.06452000141144,1.5,219,63,8842,0,1,0,-0.5,12,0.0987999439239502,17.25,-1,28.7671241760254,1
800,54,2.20000004768372,0,0,2.92379999160767,0.860469996929169,2.25,831,220,8997,0,1,0,-0.349999904632568,15,0.351700067520142,102.950012207031,-1,26.4741268157959,1
1190,13,2.15000009536743,0,0,2.78520011901855,0.830770015716553,2.75999999046326,323,117,9008,0,0,1,0.609999895095825,13,0.0795001983642578,-197.470031738281,-1,36.2229118347168,1
470,69,1.88999998569489,0,0,2.82590007781982,0.74074000120163,1.20000004768372,231,92,9058,0,1,0,0.200000047683716,15,0.130100011825562,232.150024414062,-1,39.8268394470215,1
1010,69,1.97000002861023,1,0,3.05940008163452,0.803569972515106,2.59999990463257,100,46,9386,0,0,1,0.599999904632568,12,0.374300003051758,-153.420013427734,0,46,0
1150,17,0.759999990463257,0,0,2.78290009498596,0.885249972343445,0.850000023841858,513,277,9427,0,0,1,0.0900000333786011,17,0.314200162887573,473.029968261719,-1,53.9961013793945,1
740,107,2.15000009536743,1,0,3.06459999084473,0.644439995288849,2.23000001907349,253,49,9553,0,0,1,-0.170000076293945,15,0.0204999446868896,-313.400024414062,0,19.3675880432129,0
1100,42,2.66000008583069,1,0,2.86540007591248,0.74602997303009,2.13000011444092,240,129,9589,0,0,1,0.130000114440918,12,0.36050009727478,-651.75,0,53.75,0
1110,124,2.91000008583069,1,0,3.64890003204346,1.05555999279022,3.79999995231628,448,105,9605,1,0,1,0.970000028610229,18,0.333100080490112,-112.5,0,23.4375,0
1020,84,2.54999995231628,0,0,3.36579990386963,1.31817996501923,3.21000003814697,519,68,9656,0,1,0,1.00999999046326,15,0.585299968719482,-163.599975585938,-1,13.1021194458008,1
1050,14,2,0,0,2.58349990844727,0.75,2.17000007629395,310,110,9711,0,0,1,0.170000076293945,14,0.0127999782562256,79.5,-1,35.4838714599609,1
650,47,2.17000007629395,1,0,2.91449999809265,0.857140004634857,2.40000009536743,249,97,10134,1,0,1,0.400000095367432,15,0.199199914932251,310,0,38.9558219909668,0
880,72,2.75,1,0,3.15930008888245,0.629630029201508,2.79999995231628,600,500,10612,0,0,1,-0.799999952316284,15,0.228900194168091,-361.600006103516,0,83.3333358764648,0
1070,69,2.25999999046326,1,0,2.72569990158081,0.813560009002686,2.40000009536743,491,127,10692,0,0,1,0.110000133514404,14,-0.282900094985962,73.1000061035156,1,25.8655796051025,0
1090,15,2,0,0,2.79410004615784,0.946430027484894,2.84999990463257,524,308,10784,0,0,1,0.609999895095825,15,0.408300161361694,40.4000244140625,-1,58.7786254882812,0
890,113,2.02999997138977,1,0,3.07529997825623,0.745100021362305,2.13000011444092,200,88,11061,0,0,1,0.300000071525574,18,0.356899976730347,-56,1,44,0
630,115,2.0699999332428,0,0,2.54229998588562,0.615379989147186,1.75,167,87,11323,0,0,1,0,12,0.0123000144958496,-127,-1,52.0958099365234,1
1010,12,1.75,0,0,2.76749992370605,0.980390012264252,1.53999996185303,91,60,11532,0,0,1,-0.210000038146973,12,0.255699872970581,120.75,-1,65.9340667724609,1
520,125,1.97000002861023,0,0,3.07690000534058,0.625,0,343,160,11799,0,1,0,-1.25,12,0.309499979019165,-30.75,-1,46.6472320556641,1
740,15,1.12999999523163,1,0,2.80599999427795,1.3125,2.19000005722046,232,63,11831,1,0,1,0.950000047683716,15,0.41100001335144,-153.099975585938,0,27.1551723480225,0
760,15,2.59999990463257,0,0,2.76729989051819,1,0.930000007152557,510,441,11883,0,1,0,-1.48000001907349,15,-0.203999996185303,40.6199951171875,-1,86.470588684082,1
920,81,2.95000004768372,1,0,2.62899994850159,1.19047999382019,2.82999992370605,492,106,11978,1,0,1,-0.460000038146973,17,-0.297199964523315,-159.000030517578,0,21.5447158813477,0
980,74,2.36999988555908,1,0,2.67639994621277,0.884620010852814,0.75,260,86,11998,0,0,1,-2.04999995231628,15,-0.217299938201904,503.799987792969,1,33.0769233703613,0
880,17,3.04999995231628,0,0,2.6849000453949,0.759999990463257,3.25,177,12,12005,0,0,1,0.200000047683716,17,0.0234999656677246,153.10009765625,-1,6.77966117858887,1
960,92,3.02999997138977,1,0,3.06559991836548,0.600000023841858,2.78999996185303,265,42,12234,0,0,1,-0.279999971389771,14,-0.286600112915039,129.669998168945,0,15.8490562438965,0
920,14,2,1,0,2.47919988632202,0.803919970989227,1.42999994754791,345,30,12265,1,0,1,-0.570000052452087,14,0.00609993934631348,189.550048828125,0,8.69565200805664,0
820,104,2.45000004768372,0,0,2.44190001487732,0.744679987430573,1.75,175,64,12422,0,0,1,-0.5,12,-0.262700080871582,64.5,-1,36.5714302062988,1
920,105,2.82999992370605,1,0,3.02349996566772,0.735849976539612,3.32999992370605,474,244,12607,0,0,1,0.529999971389771,15,0.261399984359741,-129.929992675781,1,51.4767913818359,0
900,95,2.16000008583069,1,0,2.74819993972778,0.875,1.66999995708466,199,52,12659,0,0,1,-0.139999985694885,16,0.120800018310547,-384.170013427734,1,26.1306533813477,0
500,121,2.01999998092651,0,0,2.78900003433228,0.666670024394989,1.60000002384186,475,145,12725,0,1,0,0.100000023841858,12,0.0389001369476318,-206.800003051758,-1,30.5263156890869,1
710,16,1.80999994277954,0,0,2.78369998931885,0.868420004844666,2.34999990463257,254,85,12753,0,1,0,0.639999866485596,15,0.497299909591675,236.4599609375,-1,33.4645652770996,1
910,13,2.83999991416931,0,0,2.46370005607605,0.71697998046875,2.13000011444092,241,93,12761,0,0,1,-0.619999885559082,12,-0.589299917221069,201.599975585938,-1,38.5892105102539,1
830,58,1.8400000333786,0,0,2.79410004615784,0.930230021476746,1.75,195,71,12850,0,0,1,-0.450000047683716,15,-0.0260000228881836,70.7000122070312,-1,36.4102554321289,1
970,96,2.27999997138977,1,0,2.9047999382019,0.901960015296936,2,184,27,12933,0,1,0,-0.710000038146973,14,-0.266400098800659,-82.5999755859375,1,14.6739130020142,0
760,16,1.75,0,0,2.73429989814758,0.80952000617981,2.23000001907349,165,86,12935,0,1,0,0.800000071525574,15,-0.300900220870972,301.529998779297,-1,52.1212120056152,1
960,46,1.73000001907349,0,0,2.91249990463257,0.745450019836426,3.38000011444092,170,27,12943,0,0,1,2.38000011444092,13,0.3086998462677,-506.599975585938,-1,15.8823528289795,1
860,69,3.4300000667572,1,0,2.95210003852844,0.720000028610229,3.63000011444092,413,31,12949,0,0,1,0.430000066757202,15,0.256700038909912,-214.129974365234,1,7.50605344772339,0
1060,15,3.05999994277954,1,0,2.86989998817444,0.927269995212555,3.07999992370605,657,141,13116,0,0,1,0.00999999046325684,15,0.327399969100952,-391.050048828125,1,21.4611873626709,0
1170,46,3.45000004768372,1,0,2.80369997024536,0.918030023574829,3,178,25,13161,1,0,1,-0.200000047683716,15,-0.135299921035767,-429.799987792969,0,14.0449438095093,0
1140,14,3.0699999332428,1,0,2.7525999546051,0.628570020198822,3.22000002861023,348,32,13212,0,0,1,0.150000095367432,14,-0.0329000949859619,70.4000244140625,0,9.19540214538574,0
890,83,2.01999998092651,0,0,3.0466001033783,0.893620014190674,2.32999992370605,275,27,13235,0,1,0,0.949999928474426,13,0.348000049591064,-304.149993896484,-1,9.81818199157715,1
1010,12,1.9099999666214,1,0,2.6988000869751,0.771929979324341,2.21000003814697,239,43,13269,0,0,1,0.140000104904175,12,-0.203499794006348,82.5999755859375,1,17.9916324615479,0
910,15,2.85999989509583,1,0,2.58660006523132,0.68519002199173,2.76999998092651,348,177,13412,0,0,1,0.00999999046325684,15,0.200800180435181,-22,0,50.8620681762695,0
960,96,2.61999988555908,1,0,2.59150004386902,0.655170023441315,2.5,328,94,13420,0,0,1,0.0799999237060547,12,0.0494000911712646,-216.75,0,28.6585369110107,0
880,81,2.38000011444092,1,0,2.80749988555908,0.955560028553009,2.52999997138977,161,35,13469,1,0,1,-0.220000028610229,16,-0.0918002128601074,-299.450012207031,0,21.7391300201416,0
820,113,3.11999988555908,0,0,3.15580010414124,1.10256004333496,3.5,94,43,13505,0,0,1,0.609999895095825,17,0.12470006942749,-83.7399978637695,-1,45.7446823120117,0
800,49,2.73000001907349,1,0,2.51839995384216,0.904760003089905,2.75999999046326,148,26,13535,1,0,1,0.00999999046325684,16,-0.256500005722046,4.79998779296875,0,17.5675678253174,0
940,45,2.03999996185303,0,0,2.89809989929199,0.918370008468628,2.4300000667572,179,49,13647,0,0,1,0.00999999046325684,12,0.236899852752686,-366.5,-1,27.3743019104004,0
740,40,1.87000000476837,0,0,3.0081000328064,1.11428999900818,1.75,770,90,13653,0,0,1,0.289999961853027,13,0.292799949645996,-246.830017089844,-1,11.6883115768433,0
720,12,1,0,0,2.45510005950928,0.714290022850037,1.28999996185303,850,290,13656,0,0,1,0.519999980926514,12,-0.325199842453003,-137.330017089844,-1,34.1176452636719,0
800,70,1.80999994277954,0,0,2.76379990577698,1.05128002166748,1.39999997615814,302,106,13693,0,0,0,-1.10000002384186,12,-0.0586001873016357,347,-1,35.0993385314941,0
670,118,2.01999998092651,0,0,3.29819989204407,0.914290010929108,1.89999997615814,315,231,13734,0,1,0,-0.100000023841858,12,0.585999965667725,375.5,-1,73.3333358764648,1
1020,51,3.47000002861023,1,0,2.77329993247986,1.08162999153137,3.0699999332428,468,75,13808,1,0,1,-0.690000057220459,17,0.167799949645996,121.629974365234,0,16.0256404876709,0
1100,16,3.25,1,0,2.71760010719299,0.774190008640289,3,294,61,13847,1,0,1,-0.329999923706055,16,0.279300212860107,-182.640014648438,1,20.7482986450195,0
1040,73,2.5,1,0,2.74860000610352,0.793099999427795,2.39000010490417,292,85,13859,0,0,1,0.660000085830688,15,-0.127599954605103,91.2900085449219,0,29.1095886230469,0
980,113,2.92000007629395,1,0,2.97560000419617,0.689660012722015,3.59999990463257,428,23,13948,1,0,1,0.269999980926514,18,0.242199897766113,-104.470016479492,0,5.3738317489624,0
840,44,3.22000002861023,0,0,2.93930006027222,0.86667001247406,3.38000011444092,177,49,13962,1,0,1,-0.0199999809265137,15,0.132100105285645,-464.849975585938,-1,27.6836166381836,0
790,36,2.60999989509583,0,0,2.75570011138916,0.880949974060059,2.21000003814697,676,477,13987,0,0,1,-0.230000019073486,16,-0.138499975204468,-0.159912109375,-1,70.5621337890625,1
1030,97,2.00999999046326,0,0,2.52110004425049,0.688520014286041,2.40000009536743,384,129,14052,0,0,1,0.220000028610229,17,0.0966000556945801,-118.799987792969,-1,33.59375,1
1020,17,1.75999999046326,1,0,2.79410004615784,0.699999988079071,2.46000003814697,10,10,14117,0,0,1,0.629999995231628,17,0.204100131988525,190.739990234375,0,100,0
1010,65,2.26999998092651,0,0,3.16470003128052,0.741379976272583,2.79999995231628,243,70,14157,0,0,1,-0.200000047683716,12,-0.328299999237061,-79.1000061035156,-1,28.8065853118896,0
880,71,2.49000000953674,0,0,2.79010009765625,0.955560028553009,2,370,165,14279,0,0,1,-1,12,-0.163399934768677,-218.329986572266,-1,44.5945930480957,0
870,115,2.75999999046326,1,0,3.10010004043579,0.8125,3,660,282,14435,1,0,1,-0.0499999523162842,19,0.0731000900268555,-131.619995117188,0,42.7272720336914,0
1110,41,2.97000002861023,0,0,2.69749999046326,0.734380006790161,3,609,17,14452,0,0,1,0.539999961853027,13,0.38129997253418,-791.829956054688,-1,2.79146146774292,0
990,14,2.77999997138977,1,0,2.65779995918274,0.833329975605011,3,178,28,14486,1,0,1,0.190000057220459,14,-0.0645999908447266,-1.20001220703125,1,15.7303371429443,0
800,15,2.05999994277954,1,0,2.93160009384155,0.860469996929169,1.73000001907349,552,146,14603,0,0,1,-0.400000095367432,15,0.0796000957489014,-37.3599853515625,1,26.449275970459,0
1010,39,2.34999990463257,1,0,2.85630011558533,0.771929979324341,1.87000000476837,771,129,14627,0,0,1,-0.560000061988831,14,0.200200080871582,-972.900024414062,1,16.731517791748,0
1070,51,2.19000005722046,1,0,2.64829993247986,0.550719976425171,3,196,54,14655,0,0,1,0,13,-0.0302000045776367,-284.200012207031,0,27.5510196685791,0
1000,14,2.42000007629395,0,0,2.53080010414124,0.886789977550507,2,20,11,14856,0,0,1,-0.430000066757202,14,-0.117899894714355,54.8699951171875,-1,55,1
560,117,2.0699999332428,0,0,2.51799988746643,0.86667001247406,2.20000004768372,290,150,14940,0,1,0,-0.0499999523162842,12,-0.3889000415802,-169,-1,51.7241363525391,1
790,17,2.04999995231628,0,0,2.43160009384155,0.880949974060059,1.12999999523163,235,90,15028,0,1,0,-0.620000004768372,12,-0.644299983978271,31.4500122070312,-1,38.2978706359863,1
740,97,1.95000004768372,0,0,3.02439999580383,0.608699977397919,1.60000002384186,280,149,15616,0,0,0,0,15,0.059999942779541,21.4000015258789,-1,53.2142868041992,1
970,45,2.61999988555908,1,0,2.72930002212524,0.796299993991852,1.92999994754791,657,141,15861,0,0,1,-0.450000166893005,16,-0.138799905776978,101,1,21.4611873626709,0
780,71,2.38000011444092,0,0,2.74029994010925,0.813950002193451,1.60000002384186,274,118,15976,0,0,1,-0.800000071525574,15,-0.198800086975098,105.400024414062,-1,43.0656929016113,1
840,44,2.26999998092651,0,0,2.73160004615784,1.21053004264832,2,212,75,16060,0,0,1,-0.200000047683716,15,0.0125000476837158,-341.999938964844,-1,35.3773574829102,1
830,118,1.87999999523163,0,0,2.98709988594055,0.693880021572113,2.40000009536743,77,12,16489,0,0,1,1.65000009536743,12,0.468299865722656,-262.549987792969,-1,15.584415435791,1
870,93,2.35999989509583,1,0,2.79949998855591,0.933329999446869,2.67000007629395,118,17,16568,1,0,1,0.240000009536743,21,-0.0831999778747559,-92.8100128173828,0,14.4067792892456,0
640,49,1.97000002861023,0,0,3.02259993553162,0.600000023841858,1.87000000476837,157,68,16757,0,1,0,-0.129999995231628,12,0.411700010299683,-662.419982910156,-1,43.3121032714844,1
1000,78,3.16000008583069,0,0,2.80879998207092,0.639339983463287,2.86999988555908,220,15,16915,0,1,0,0.269999980926514,15,0.111000061035156,-337.230041503906,-1,6.81818199157715,1
610,41,2.14000010490417,0,0,2.91510009765625,0.848479986190796,1.25,97,61,17394,0,1,0,-0.75,12,-0.0663998126983643,-525.700012207031,-1,62.8865966796875,1
760,12,2.07999992370605,0,0,2.80040001869202,0.899999976158142,2.46000003814697,295,140,17865,0,0,1,0.390000104904175,12,-0.201299905776978,135.929931640625,-1,47.4576263427734,1
1040,62,2.36999988555908,1,0,2.76040005683899,1.0392199754715,2.46000003814697,268,73,17992,1,0,1,-0.789999961853027,12,-0.185999870300293,-214.75,0,27.238805770874,0
1050,16,3.36999988555908,1,0,2.76169991493225,0.842109978199005,3.38000011444092,316,18,18005,0,1,0,0.0500001907348633,16,0.27209997177124,-138.340087890625,1,5.69620275497437,0
740,108,2.11999988555908,0,0,2.72670006752014,0.804880023002625,1.71000003814697,203,72,18471,0,0,1,-0.289999961853027,15,0.0197000503540039,-35.2000122070312,-1,35.4679794311523,0
810,16,2.36999988555908,0,0,2.74830007553101,0.723399996757507,2.05999994277954,211,69,18704,0,0,1,-0.269999980926514,16,0.343500137329102,353,-1,32.7014236450195,0
850,97,2.10999989509583,1,0,2.78180003166199,1.23684000968933,3,203,112,18842,0,1,0,0,12,-0.210999965667725,-537.25,0,55.1724128723145,0
920,12,2.57999992370605,0,0,2.82520008087158,1.42104995250702,1.5900000333786,168,75,19116,0,0,1,-1.05000007152557,12,-0.181999921798706,145.120056152344,-1,44.6428565979004,1
970,79,2.76999998092651,0,0,3.22729992866516,0.901960015296936,3.16000008583069,125,13,19133,0,0,1,0.360000133514404,15,0.277699947357178,-12.4600067138672,-1,10.3999996185303,1
1070,81,3.33999991416931,1,0,2.45300006866455,0.877189993858337,3.44000005722046,158,28,19518,1,0,1,0,16,-0.405699968338013,-13.9700012207031,0,17.7215194702148,0
590,88,1.52999997138977,0,0,2.96880006790161,0.787880003452301,1.25,202,109,20539,0,1,0,0.75,12,0.127500057220459,-414.75,-1,53.9603958129883,1
700,13,3.29999995231628,1,0,2.94020009040833,0.891889989376068,2.28999996185303,133,54,20586,1,0,1,-0.960000038146973,8,-0.485899925231934,-135.5,0,40.601505279541,0
930,18,2.66000008583069,0,0,2.66680002212524,0.978720009326935,2.46000003814697,229,38,20825,0,1,0,-0.279999971389771,17,-0.117199897766113,262.369995117188,-1,16.5938873291016,1
830,43,2.1800000667572,1,0,2.43869996070862,0.930230021476746,1.79999995231628,10,2,20920,0,1,0,-0.269999980926514,14,-0.166100025177002,-244.599975585938,0,20,0
1220,13,4,1,0,2.51309990882874,0.742860019207001,4,465,8,21478,0,1,0,0,13,0.0608999729156494,-318.25,0,1.72043013572693,0
800,16,1.55999994277954,0,0,2.6710000038147,1.105260014534,1.53999996185303,465,274,21732,0,0,1,0.189999938011169,15,-0.259299993515015,28.8900146484375,-1,58.924732208252,1
980,40,2.0699999332428,1,0,2.56380009651184,0.781819999217987,1.75,240,120,21854,0,0,1,-0.25,12,0.0325000286102295,-89.25,1,50,0
770,17,1.35000002384186,0,0,2.5534999370575,0.71110999584198,0.769999980926514,386,223,22711,0,1,0,-0.550000071525574,17,-0.188400030136108,275.800048828125,-1,57.7720222473145,1
890,12,2.75,0,0,2.50999999046326,1.02272999286652,1,69,63,22922,0,0,1,-1.64000010490417,12,-0.484100103378296,155.159912109375,-1,91.3043441772461,1
990,14,2.14000010490417,1,0,2.55290007591248,0.980000019073486,1.66999995708466,204,31,23305,1,1,0,-0.470000147819519,14,0.00870013236999512,-415.5,0,15.1960783004761,0
830,41,2.01999998092651,1,0,2.86669993400574,0.804350018501282,2.35999989509583,245,73,24147,0,0,1,0.419999837875366,16,0.0613999366760254,-229.830017089844,0,29.7959175109863,0
980,16,1.87000000476837,0,0,2.33719992637634,1,1.63999998569489,238,80,24581,0,0,1,-0.669999957084656,16,-0.207499980926514,163.75,-1,33.6134452819824,1
950,103,2.52999997138977,1,0,3.33010005950928,0.696430027484894,3.65000009536743,148,18,24604,0,0,1,0.650000095367432,13,0.480200052261353,-138.919998168945,1,12.1621618270874,0
980,13,2.75999999046326,0,0,2.50200009346008,0.884620010852814,2.52999997138977,238,46,24711,0,0,1,-0.240000009536743,13,-0.07669997215271,-327.150024414062,-1,19.327730178833,1
640,95,1.91999995708466,0,0,2.45919990539551,0.828570008277893,1.60000002384186,534,165,24894,0,1,0,0.350000023841858,12,-0.226900100708008,-215.649993896484,-1,30.8988761901855,1
1130,53,2.80999994277954,0,0,2.90899991989136,0.68656998872757,3.5699999332428,396,7,25178,0,0,1,1.02999997138977,13,0.548399925231934,82.1500244140625,-1,1.76767671108246,1
1170,59,2.60999989509583,0,0,2.95670008659363,1.05262994766235,3.40000009536743,230,13,25950,0,0,1,0.519999980926514,16,-0.0404000282287598,-352.570007324219,-1,5.65217399597168,1
700,14,1.27999997138977,1,0,2.9021999835968,0.75,0.769999980926514,191,124,26362,0,1,0,0.0799999833106995,12,0.121900081634521,68.2699584960938,0,64.9214630126953,0
790,55,1.77999997138977,0,0,2.99110007286072,0.926829993724823,1.86000001430511,125,34,26671,0,1,0,0.259999990463257,13,0.290800094604492,-792.130065917969,-1,27.2000007629395,1
1020,12,1.25,1,0,2.75589990615845,0.789470016956329,2.25,574,81,27328,0,0,1,1.03999996185303,12,0.413100004196167,-139,1,14.1114978790283,0
980,38,2.6800000667572,1,0,2.66120004653931,0.849059998989105,2.59999990463257,665,33,27338,0,0,1,-0.25,13,-0.279299974441528,-75.4000244140625,1,4.96240615844727,0
1080,110,2.36999988555908,1,0,3.13089990615845,0.56521999835968,2.59999990463257,539,152,27561,0,0,1,-0.330000162124634,19,0.319299936294556,-165.830001831055,1,28.2003707885742,0
820,15,2.13000011444092,1,0,2.77509999275208,0.906979978084564,2.40000009536743,526,160,27633,1,1,0,0.160000085830688,15,0.400500059127808,-85,0,30.4182510375977,0
1140,106,3.27999997138977,1,0,2.9546000957489,0.753849983215332,2.15000009536743,160,6,28501,0,0,1,-0.849999904632568,15,0.254400014877319,-60.9000015258789,1,3.75,0
960,11,2.90000009536743,1,0,2.61069989204407,1.13332998752594,2.30999994277954,201,19,28938,0,0,1,-0.690000057220459,11,-0.0683000087738037,70.5999755859375,1,9.45273590087891,0
700,18,2.38000011444092,0,0,2.57909989356995,0.666670024394989,1.94000005722046,201,103,28956,0,0,1,-0.220000028610229,17,-0.162800073623657,592,-1,51.243782043457,1
630,92,1.79999995231628,0,0,2.7765998840332,1.03225994110107,0,163,89,29151,0,1,0,-1.71000003814697,12,-0.235600233078003,-315.900024414062,-1,54.6012268066406,1
640,48,1.88999998569489,0,0,2.95190000534058,1.13332998752594,2,353,230,29256,0,1,0,-0.200000047683716,15,0.037600040435791,-380.400024414062,-1,65.1558074951172,1
1020,42,2.47000002861023,1,0,2.73189997673035,0.821430027484894,1.75,345,46,29394,0,0,1,-0.559999942779541,13,-0.10509991645813,116.629943847656,1,13.3333330154419,0
1030,75,2.5699999332428,0,0,3.03460001945496,0.872730016708374,3,176,27,29591,0,0,1,-0.230000019073486,13,0.099600076675415,-108,-1,15.3409090042114,1
920,119,3.32999992370605,1,0,3.72930002212524,0.957449972629547,4,575,155,29965,1,0,1,0.670000076293945,18,0.920900106430054,-77.5,0,26.956521987915,0
990,16,2.86999988555908,1,0,2.7063000202179,0.833329975605011,3.63000011444092,715,23,30016,1,0,1,0.630000114440918,16,0.216700077056885,-403.170043945312,0,3.21678328514099,0
920,17,2.34999990463257,1,0,2.66680002212524,0.877550005912781,0,715,529,30121,0,0,1,-2.79999995231628,10,-0.195100069046021,-42.25,0,73.9860153198242,0
840,11,1.17999994754791,0,0,2.61940002441406,0.826089978218079,1.23000001907349,715,511,30271,0,1,0,0.0500000715255737,11,-0.0681998729705811,-31.699951171875,-1,71.4685287475586,0
990,10,2.09999990463257,0,0,2.56520009040833,0.867919981479645,2.32999992370605,715,279,30568,0,0,1,0.0799999237060547,10,0.035099983215332,447.079956054688,-1,39.0209808349609,0
950,17,2,0,0,2.51799988746643,0.826919972896576,1.60000002384186,715,346,30575,0,0,1,-0.399999976158142,16,-0.521500110626221,47.929931640625,-1,48.3916091918945,1
1180,14,1.5,0,0,2.66020011901855,0.815379977226257,2.79999995231628,771,481,30629,0,0,1,1.29999995231628,14,0.156100034713745,-89.8499755859375,-1,62.3865127563477,0
1050,39,2.11999988555908,0,0,2.5048999786377,0.779659986495972,2.25,687,314,30649,0,0,1,-0.25,12,-0.421000003814697,617,-1,45.7059669494629,0
900,74,2.94000005722046,1,0,3.0220000743866,0.764710009098053,3.20000004768372,132,18,30770,0,0,1,0.0699999332427979,16,0.0104000568389893,-185.800003051758,0,13.6363639831543,0
490,127,1.97000002861023,1,0,2.91319990158081,0.75,1.75,144,55,30901,1,1,0,0.149999976158142,15,0.121799945831299,-149.599975585938,0,38.1944427490234,0
670,52,2.00999999046326,0,0,3.15470004081726,0.861109972000122,1.37999999523163,87,42,31327,0,1,0,-0.120000004768372,12,0.338200092315674,-401.900024414062,-1,48.2758636474609,1
710,17,1.75999999046326,1,0,2.71519994735718,1.02857005596161,2,117,65,32149,1,1,0,0.210000038146973,17,-0.105800151824951,159.390014648438,0,55.5555572509766,0
900,14,2.21000003814697,0,0,2.52579998970032,0.800000011920929,2.69000005722046,30,17,32416,0,0,1,0.480000019073486,14,-0.282900094985962,585,-1,56.6666679382324,1
930,67,1.74000000953674,0,0,2.68709993362427,1.06666994094849,1.79999995231628,277,50,32692,0,0,1,1.04999995231628,12,0.142299890518188,-512.079956054688,-1,18.0505409240723,0
860,52,2.25999999046326,0,0,2.52999997138977,0.622640013694763,1.25,259,70,32698,0,0,1,-1.21000003814697,13,0.0620999336242676,298.25,-1,27.027027130127,1
830,71,2.22000002861023,1,0,2.72690010070801,0.693880021572113,2.20000004768372,297,84,33463,0,0,1,-0.0899999141693115,14,-0.136399984359741,7.20001220703125,1,28.2828273773193,0
1400,75,3.79999995231628,0,0,3.10829997062683,0.944440007209778,4,252,1,33568,0,0,1,0,16,0.26609992980957,-138.15998840332,-1,0.396825402975082,1
570,65,2.13000011444092,1,0,2.58879995346069,0.78125,1.25,209,82,33898,1,1,0,-1.36999988555908,13,-0.359300136566162,-102.299987792969,0,39.2344512939453,0
1130,46,3.33999991416931,0,0,2.80520009994507,0.793649971485138,3.6800000667572,313,10,34445,0,0,1,0.390000104904175,17,0.11080002784729,254.259979248047,-1,3.1948881149292,1
860,72,2.70000004768372,1,0,2.63779997825623,0.791670024394989,2.59999990463257,66,21,35169,0,0,1,-0.600000143051147,15,-0.0662000179290771,-203.600036621094,1,31.8181819915771,0
650,99,2.78999996185303,0,0,3.39569997787476,0.756760001182556,3.75,234,35,35447,1,1,0,0.549999952316284,15,0.255100011825562,-24.6999969482422,-1,14.9572649002075,0
1070,87,2.59999990463257,0,0,2.8568000793457,0.844829976558685,3.32999992370605,127,25,36837,0,0,1,-0.170000076293945,18,0.144500017166138,-154.170013427734,-1,19.6850395202637,1
690,115,2.5699999332428,0,0,2.91300010681152,0.604650020599365,2.67000007629395,79,12,36971,0,1,0,0.670000076293945,12,0.0541000366210938,154.75,-1,15.1898736953735,1
1200,16,3.36999988555908,0,0,2.56870007514954,0.621619999408722,3.30999994277954,415,14,37502,0,0,1,-0.070000171661377,16,-0.320099830627441,-34.5,-1,3.37349390983582,1
1180,41,3.55999994277954,1,0,2.58229994773865,0.710139989852905,2.5699999332428,365,3,37593,1,0,1,-0.930000066757202,14,0.215800046920776,-103.600036621094,1,0.821917831897736,0
630,114,2.26999998092651,1,0,2.85969996452332,0.800000011920929,1.60000002384186,246,160,38412,0,0,1,-0.800000071525574,15,0.0729000568389893,-57.8000030517578,1,65.0406494140625,0
870,44,2,1,0,3.02600002288818,0.740000009536743,2.5,254,73,38440,0,1,0,-0.119999885559082,13,0.149600028991699,-279,0,28.7401580810547,0
940,61,2.28999996185303,1,0,2.72709989547729,0.649119973182678,2.5,256,58,39147,0,0,1,0.25,12,-0.0958001613616943,-114,1,22.65625,0
610,83,2.25999999046326,0,0,2.72849988937378,0.90625,1.75,522,152,39451,0,0,1,-0.5,12,-0.197500228881836,66,-1,29.1187744140625,1
1110,18,3.22000002861023,1,0,2.39599990844727,0.947369992733002,3,591,10,39796,0,0,1,-0.220000028610229,18,-0.279800176620483,-387.470092773438,0,1.6920473575592,0
890,127,2.01999998092651,0,0,3.3264000415802,0.816330015659332,1.91999995708466,690,420,40439,0,1,0,0.169999957084656,15,0.516999959945679,428.799987792969,-1,60.8695640563965,1
850,107,2.13000011444092,0,0,3.01769995689392,0.888890027999878,2.25999999046326,572,86,40756,0,0,1,0.549999952316284,14,0.0074000358581543,177.400009155273,-1,15.0349645614624,0
1150,56,3.16000008583069,0,0,2.82290005683899,0.742420017719269,3,673,106,40833,0,0,1,-0.200000047683716,15,-0.0543999671936035,-165,-1,15.7503719329834,0
810,97,1.95000004768372,0,0,2.9128999710083,0.883719980716705,1.25,337,56,41429,0,0,1,-0.950000047683716,10,-0.104300022125244,-107.209991455078,-1,16.6172103881836,1
720,18,1.37999999523163,0,0,2.74839997291565,0.894739985466003,1.30999994277954,584,268,41585,0,1,0,-0.0100001096725464,17,0.0144999027252197,653,-1,45.8904113769531,1
1040,74,2.84999990463257,0,0,3.00219988822937,0.704919993877411,2.5,172,5,43168,0,0,1,0.170000076293945,18,0.383999824523926,-531.5,-1,2.9069766998291,1
1100,12,3.07999992370605,0,0,2.45530009269714,1,1.91999995708466,181,30,43205,0,0,1,-1.29000008106232,12,-0.435999870300293,62.7000122070312,-1,16.5745849609375,1
1000,14,2.14000010490417,1,0,2.66420006752014,0.818180024623871,1.86000001430511,154,5,43892,1,1,0,-0.28000009059906,14,-0.0606000423431396,433.5,0,3.24675321578979,0
980,17,0.939999997615814,1,0,2.68610000610352,0.849059998989105,1.47000002861023,151,30,44005,0,1,0,0.530000030994415,17,0.225600004196167,-423.399963378906,0,19.8675498962402,0
750,113,2.57999992370605,1,0,2.98779988288879,1.0270299911499,2.5,30,10,44165,1,0,1,-0.670000076293945,18,-0.231900215148926,-21.25,0,33.3333320617676,0
820,15,1.52999997138977,0,0,2.64000010490417,1,2.59999990463257,35,11,44224,0,0,1,0.889999866485596,15,0.221500158309937,-407.600036621094,-1,31.4285717010498,1
900,92,2.09999990463257,1,0,2.83850002288818,0.800000011920929,2.13000011444092,149,38,44397,0,0,1,-0.75,17,-0.0397000312805176,284.359985351562,0,25.5033550262451,0
1040,49,3.05999994277954,1,0,2.81270003318787,0.733330011367798,3.11999988555908,94,6,44548,1,0,1,0.059999942779541,16,0.0543999671936035,-123.169982910156,0,6.38297891616821,0
710,15,1.86000001430511,1,0,3.09209990501404,0.868420004844666,2.26999998092651,258,129,44571,1,1,0,0.519999980926514,15,0.248299837112427,401,0,50,0
1020,104,3.1800000667572,1,0,2.6149001121521,0.758620023727417,3,560,32,44657,1,0,1,-0.5,12,-0.151299953460693,-369.419982910156,0,5.7142858505249,0
980,103,2.20000004768372,0,0,2.90039992332458,0.959999978542328,2.88000011444092,299,42,44705,0,0,1,0.630000114440918,12,0.308899879455566,372.419982910156,-1,14.0468225479126,0
990,15,3.59999990463257,1,0,2.64409995079041,0.980000019073486,2.58999991416931,425,30,44718,1,0,1,-1.06000018119812,15,-0.166599988937378,100,1,7.05882358551025,0
950,83,2.13000011444092,0,0,2.75079989433289,0.938780009746552,2.14000010490417,265,43,44754,0,0,1,-0.609999895095825,15,-0.238500118255615,-348.130004882812,-1,16.2264156341553,1
960,112,2.98000001907349,1,0,2.77279996871948,0.959179997444153,3,10,1,44917,1,0,1,0.180000066757202,17,-0.234800100326538,-75.8700256347656,0,10,0
1100,48,2.5,1,0,2.63100004196167,0.803279995918274,3,742,31,45133,0,0,1,0.269999980926514,15,0.0348000526428223,211.469970703125,0,4.17789745330811,0
910,16,3.30999994277954,0,0,2.58360004425049,0.936169981956482,3.38000011444092,139,6,45153,0,0,1,0.070000171661377,16,0.283300161361694,-128.849975585938,-1,4.31654691696167,0
680,64,2.17000007629395,1,0,2.78329992294312,1,2.25,658,246,45161,0,0,1,0.25,15,-0.00150012969970703,-230.299987792969,1,37.3860168457031,0
1130,12,1.5,0,0,2.49060010910034,0.948279976844788,1.78999996185303,87,61,45166,0,0,1,0.289999961853027,12,0.0634000301361084,-99.4000244140625,-1,70.1149444580078,0
1010,42,2.21000003814697,1,0,2.90190005302429,0.803569972515106,2.5,553,169,45192,0,0,1,-0.190000057220459,13,0.144700050354004,-540.999938964844,0,30.5605792999268,0
990,47,1.97000002861023,1,0,2.46849989891052,0.706900000572205,2,599,253,45210,0,0,1,0.269999980926514,11,-0.313600063323975,284.669982910156,0,42.237060546875,0
1080,14,1.85000002384186,0,0,2.52230000495911,0.928569972515106,1.80999994277954,640,267,45248,0,0,1,-0.0500000715255737,14,0.176000118255615,-66.5799560546875,-1,41.71875,0
860,16,2.11999988555908,0,0,2.51519989967346,0.720000028610229,1.75,373,264,45395,0,0,1,-0.129999995231628,15,-0.410200119018555,330.4599609375,-1,70.7774810791016,1
790,15,1.79999995231628,1,0,2.72589993476868,0.926829993724823,2.38000011444092,624,285,45685,0,0,1,0.560000061988831,15,0.340100049972534,-304.529907226562,1,45.6730766296387,0
1070,15,1.33000004291534,1,0,2.7179000377655,0.945450007915497,0.899999976158142,361,182,45874,0,0,1,-0.509999990463257,15,0.322900056838989,5.1500244140625,0,50.4155120849609,0
850,15,1.73000001907349,1,0,2.80870008468628,0.888890027999878,1.85000002384186,224,191,46005,1,0,0,0.210000038146973,15,0.228200197219849,247,0,85.2678604125977,0
1070,55,3.25,1,0,2.73379993438721,0.945450007915497,2.79999995231628,481,33,46058,1,1,0,-0.200000047683716,17,0.107499837875366,196.399993896484,0,6.86070680618286,0
840,13,1.52999997138977,0,0,3.1136999130249,0.953490018844604,3.05999994277954,456,149,46068,0,0,1,1.32999992370605,13,0.587499856948853,-363.919982910156,-1,32.6754379272461,0
870,71,2.1800000667572,0,0,2.7056999206543,1.07142996788025,1.75,312,230,46146,0,0,1,-0.5,12,-0.282099962234497,-251,-1,73.7179489135742,1
990,44,1.95000004768372,1,0,2.52349996566772,0.62295001745224,2.19000005722046,500,73,46239,0,0,1,0.25,16,-0.0856001377105713,414.199981689453,0,14.6000003814697,0
710,42,1.95000004768372,1,0,2.99640011787415,1.21875,2.38000011444092,456,182,46247,1,1,0,0.800000071525574,12,0.249100208282471,-439.900024414062,0,39.912281036377,0
760,15,1.79999995231628,1,0,2.72639989852905,0.899999976158142,0.879999995231628,235,143,46294,0,0,1,-1,15,-0.108400106430054,296.140014648438,1,60.8510627746582,0
770,12,2.25,1,0,2.9711000919342,0.925000011920929,2.5,512,339,46348,1,0,1,0.349999904632568,12,0.171300172805786,-129.25,0,66.2109375,0
890,40,2.09999990463257,0,0,2.65450000762939,0.854170024394989,2.63000011444092,718,429,46563,0,0,1,0.130000114440918,12,0.0448999404907227,120.669982910156,-1,59.7493019104004,0
910,101,2.00999999046326,0,0,3.06150007247925,0.819999992847443,2.28999996185303,595,448,46717,0,0,1,0.789999961853027,18,0.246800184249878,-76.0399780273438,-1,75.2941207885742,0
1020,75,2.5699999332428,0,0,2.81060004234314,0.888890027999878,2.69000005722046,10,1,46765,0,0,1,0.269999980926514,12,0.249900102615356,-72.3300018310547,-1,10,0
1060,41,3.41000008583069,0,0,2.52699995040894,0.827589988708496,2.75,542,72,46775,0,0,1,-0.25,12,-0.172199964523315,309,-1,13.2841329574585,1
860,13,0.920000016689301,0,0,2.75650000572205,0.653850018978119,2,509,315,46778,0,0,1,1.07999992370605,13,0.372200012207031,833.949951171875,-1,61.8860511779785,1
920,15,2.25999999046326,1,0,2.60080003738403,0.769230008125305,2.5,509,106,46795,0,0,1,0.230000019073486,15,0.124000072479248,-148.330017089844,0,20.8251476287842,0
910,18,2.76999998092651,1,0,2.65930008888245,0.625,2.63000011444092,69,12,46887,1,1,0,-0.169999837875366,18,0.26830005645752,-136,0,17.3913040161133,0
700,69,2.13000011444092,1,0,3.05390000343323,0.666670024394989,2.5,625,202,46948,0,1,0,0,12,0.128400087356567,-46.25,0,32.3199996948242,0
1170,76,2.21000003814697,0,0,2.89450001716614,0.746270000934601,2.79999995231628,177,53,47220,0,0,1,0.629999876022339,12,0.260100126266479,-207.799987792969,-1,29.9435024261475,1
1010,42,2.34999990463257,1,0,3.12930011749268,0.836359977722168,2.5,322,168,47225,0,0,1,0.299999952316284,15,0.352200031280518,-81.1000061035156,0,52.1739120483398,0
700,12,2.5,1,0,2.79450011253357,0.891889989376068,2.79999995231628,200,80,47367,1,0,0,0.299999952316284,12,0.165800094604492,313.299987792969,0,40,0
