departure_delay_preceding,origin,departure_delay_mean
-43,JFK,-3
-33,LGA,-5
-32,LGA,46
-30,LGA,-5
-27,LGA,4
-26,LGA,1
-25,EWR,-11
-25,LGA,27
-24,JFK,-4
-24,LGA,-2.666666667
-23,EWR,-7.5
-23,JFK,-2
-23,LGA,52.33333333
-22,EWR,26.5
-22,JFK,-9
-22,LGA,17.85714286
-21,EWR,-4.666666667
-21,JFK,-5
-21,LGA,14
-20,EWR,16.81818182
-20,JFK,-2
-20,LGA,17.56521739
-19,EWR,3
-19,JFK,8
-19,LGA,0.545454545
-18,EWR,13.5
-18,JFK,2.333333333
-18,LGA,6.222222222
-17,EWR,12.30769231
-17,JFK,-4.333333333
-17,LGA,8.954545455
-16,EWR,1.567567568
-16,JFK,1.366666667
-16,LGA,4.326315789
-15,EWR,9.215517241
-15,JFK,4.256410256
-15,LGA,-0.523364486
-14,EWR,4.569444444
-14,JFK,5.492957746
-14,LGA,4.17562724
-13,EWR,8.32034632
-13,JFK,1.492647059
-13,LGA,4.5625
-12,EWR,6.602409639
-12,JFK,5.970260223
-12,LGA,1.319735391
-11,EWR,4.089093702
-11,JFK,4.250902527
-11,LGA,1.626895188
-10,EWR,4.693585338
-10,JFK,3.352422907
-10,LGA,2.380093761
-9,EWR,5.096221441
-9,JFK,4.585263158
-9,LGA,1.597399079
-8,EWR,5.124432334
-8,JFK,4.529245283
-8,LGA,1.449981125
-7,EWR,5.42280774
-7,JFK,3.364350453
-7,LGA,1.793108441
-6,EWR,5.326690727
-6,JFK,4.346951313
-6,LGA,2.8870368
-5,EWR,6.241487231
-5,JFK,4.860815706
-5,LGA,2.74291939
-4,EWR,5.997067449
-4,JFK,5.092510513
-4,LGA,3.44407759
-3,EWR,6.824306785
-3,JFK,5.694201131
-3,LGA,5.017179564
-2,EWR,7.570991351
-2,JFK,7.280400049
-2,LGA,4.93812825
-1,EWR,8.299085366
-1,JFK,8.082900847
-1,LGA,5.216448445
0,EWR,9.311011638
0,JFK,8.075064433
0,LGA,5.995520478
1,EWR,10.53357642
1,JFK,8.800884956
1,LGA,7.248401377
2,EWR,11.95415257
2,JFK,9.187858509
2,LGA,7.565718157
3,EWR,12.93109315
3,JFK,11.51299827
3,LGA,9.547584187
4,EWR,11.94846939
4,JFK,11.62204724
4,LGA,8.838222967
5,EWR,14.17437533
5,JFK,11.72862958
5,LGA,9.246550138
6,EWR,14.37820914
6,JFK,11.59483454
6,LGA,9.288421053
7,EWR,15.58012596
7,JFK,12.75822368
7,LGA,8.529344074
8,EWR,12.66368382
8,JFK,12.96351575
8,LGA,11.8667467
9,EWR,15.8960396
9,JFK,11.9613936
9,LGA,11.64675985
10,EWR,17.57091882
10,JFK,14.51002004
10,LGA,13.38836265
11,EWR,15.17050298
11,JFK,13.79077615
11,LGA,12.86868687
12,EWR,13.83109405
12,JFK,16.54347826
12,LGA,12.45645161
13,EWR,16.47280335
13,JFK,15.14231738
13,LGA,14.61178248
14,EWR,15.25
14,JFK,16.30569948
14,LGA,11.89160839
15,EWR,15.81152461
15,JFK,15.35581062
15,LGA,13.29324547
16,EWR,19.7797619
16,JFK,14.9511855
16,LGA,15.28897338
17,EWR,16.91644562
17,JFK,16.36044657
17,LGA,12.9591002
18,EWR,16.601983
18,JFK,16.34188034
18,LGA,14.45414847
19,EWR,17.6996997
19,JFK,15.10754414
19,LGA,10.87272727
20,EWR,17.36268657
20,JFK,16.21746881
20,LGA,16.42283298
21,EWR,19.66257669
21,JFK,16.29766537
21,LGA,17.70491803
22,EWR,18.02786885
22,JFK,18.7980198
22,LGA,16.92388451
23,EWR,18.83564014
23,JFK,17.70422535
23,LGA,19.11720698
24,EWR,16.24747475
24,JFK,17.36819172
24,LGA,13.84615385
25,EWR,21.52751423
25,JFK,19.33333333
25,LGA,15.76377953
26,EWR,20.96394687
26,JFK,22.52803738
26,LGA,21.15835777
27,EWR,18.82995951
27,JFK,19.30695444
27,LGA,16.33519553
28,EWR,20.17515275
28,JFK,18.82631579
28,LGA,18.25846154
29,EWR,20.24735729
29,JFK,19.96185286
29,LGA,17.86728395
30,EWR,25.49885057
30,JFK,21.85945946
30,LGA,23.82594937
31,EWR,22.58956916
31,JFK,18.77748691
31,LGA,19.64084507
32,EWR,25.41904762
32,JFK,23.56270096
32,LGA,20.83393502
33,EWR,23.74271845
33,JFK,20.99439776
33,LGA,20.38518519
34,EWR,26.03125
34,JFK,24.07324841
34,LGA,20.05882353
35,EWR,22.03045685
35,JFK,24.55350554
35,LGA,24.57042254
36,EWR,25.76111111
36,JFK,23.88541667
36,LGA,21.5625
37,EWR,28.98826979
37,JFK,25.53521127
37,LGA,23.95073892
38,EWR,32.56818182
38,JFK,24.72519084
38,LGA,24.11965812
39,EWR,23.33333333
39,JFK,26.64315353
39,LGA,26.86111111
40,EWR,29.4984985
40,JFK,26.38306452
40,LGA,26.84140969
41,EWR,26.19480519
41,JFK,24.17647059
41,LGA,26.63302752
42,EWR,28.87538941
42,JFK,24.48858447
42,LGA,23.88235294
43,EWR,24.16510903
43,JFK,28.73504274
43,LGA,26.92694064
44,EWR,34.36335404
44,JFK,18.07762557
44,LGA,26.83673469
45,EWR,27.90073529
45,JFK,27.31877729
45,LGA,29.784689
46,EWR,27.95910781
46,JFK,22.48611111
46,LGA,24.80327869
47,EWR,29.20344828
47,JFK,25.89847716
47,LGA,28.01183432
48,EWR,38.13229572
48,JFK,31.00980392
48,LGA,26.51829268
49,EWR,27.25957447
49,JFK,28.38974359
49,LGA,26.82389937
50,EWR,31.09489051
50,JFK,34.25728155
50,LGA,29.25433526
51,EWR,31.9296875
51,JFK,27.75598086
51,LGA,39.13173653
52,EWR,29.59330144
52,JFK,24.1657754
52,LGA,25.33552632
53,EWR,24.07142857
53,JFK,24.64327485
53,LGA,27.3452381
54,EWR,25.51173709
54,JFK,28.8839779
54,LGA,23.15151515
55,EWR,30.96052632
55,JFK,23.21383648
55,LGA,24.41447368
56,EWR,35.77777778
56,JFK,27.55729167
56,LGA,28.56737589
57,EWR,38.70886076
57,JFK,28.75739645
57,LGA,35.27007299
58,EWR,38.08035714
58,JFK,26.7375
58,LGA,29.04511278
59,EWR,39.35458167
59,JFK,34.23489933
59,LGA,37.80291971
60,EWR,29.65365854
60,JFK,28.37142857
60,LGA,33.03875969
61,EWR,32.48543689
61,JFK,30.79166667
61,LGA,30.171875
62,EWR,37.69897959
62,JFK,30.83211679
62,LGA,32.89312977
63,EWR,35.22162162
63,JFK,32.2748538
63,LGA,40.71171171
64,EWR,38.27225131
64,JFK,33.26470588
64,LGA,28.46825397
65,EWR,32.32960894
65,JFK,30.84415584
65,LGA,30.44247788
66,EWR,39.55487805
66,JFK,37.45890411
66,LGA,32.00917431
67,EWR,35.88819876
67,JFK,40.61940299
67,LGA,39.02941176
68,EWR,36.65895954
68,JFK,29.9375
68,LGA,40.53389831
69,EWR,38.59281437
69,JFK,34.44
69,LGA,42.28846154
70,EWR,36.90697674
70,JFK,28.98657718
70,LGA,31.60952381
71,EWR,38.08275862
71,JFK,28.73015873
71,LGA,42.55660377
72,EWR,45.74193548
72,JFK,38.23529412
72,LGA,36.9047619
73,EWR,42.4
73,JFK,36.95419847
73,LGA,36.52272727
74,EWR,39.52980132
74,JFK,25
74,LGA,30.39534884
75,EWR,42.38068182
75,JFK,41.1980198
75,LGA,39.13861386
76,EWR,39.4796748
76,JFK,45.61165049
76,LGA,38.32876712
77,EWR,38.98425197
77,JFK,27.59375
77,LGA,29.88288288
78,EWR,40.27142857
78,JFK,25.90425532
78,LGA,31.51724138
79,EWR,39.03508772
79,JFK,46.51282051
79,LGA,33.60227273
80,EWR,35.67857143
80,JFK,35.20535714
80,LGA,44.11494253
81,EWR,42.37984496
81,JFK,31.86868687
81,LGA,33.74666667
82,EWR,42.68275862
82,JFK,31.35643564
82,LGA,50.88311688
83,EWR,37.83206107
83,JFK,43.275
83,LGA,54.66233766
84,EWR,47.20930233
84,JFK,40.81521739
84,LGA,40.70512821
85,EWR,48.5
85,JFK,40.47572816
85,LGA,51.86075949
86,EWR,29.84347826
86,JFK,38.02020202
86,LGA,57.15492958
87,EWR,39.55882353
87,JFK,47.65625
87,LGA,46.14634146
88,EWR,46.05785124
88,JFK,50.6547619
88,LGA,51.44155844
89,EWR,47.56140351
89,JFK,40.41975309
89,LGA,48.12162162
90,EWR,40.41269841
90,JFK,43.61702128
90,LGA,46.94117647
91,EWR,42.62376238
91,JFK,42.59375
91,LGA,49.359375
92,EWR,36.99130435
92,JFK,42.4673913
92,LGA,48.6
93,EWR,45.75438596
93,JFK,35.83561644
93,LGA,43.22222222
94,EWR,44.28431373
94,JFK,50.12820513
94,LGA,46.15909091
95,EWR,39.46296296
95,JFK,38.23333333
95,LGA,48.6344086
96,EWR,53.04210526
96,JFK,30.59722222
96,LGA,52.46031746
97,EWR,42.34234234
97,JFK,37.3
97,LGA,27.81355932
98,EWR,45.82828283
98,JFK,34.81944444
98,LGA,32.83050847
99,EWR,47.52083333
99,JFK,31.63768116
99,LGA,53.76271186
100,EWR,50.45833333
100,JFK,34.74285714
100,LGA,51.60714286
101,EWR,44.7
101,JFK,41.23333333
101,LGA,39.80769231
102,EWR,51.98630137
102,JFK,31.32857143
102,LGA,45.4375
103,EWR,53.26388889
103,JFK,42.67142857
103,LGA,46
104,EWR,56.98969072
104,JFK,48.609375
104,LGA,50.48648649
105,EWR,52.48809524
105,JFK,56.22857143
105,LGA,48.96226415
106,EWR,54.16455696
106,JFK,47.57407407
106,LGA,38.83636364
107,EWR,64.24050633
107,JFK,54.24137931
107,LGA,54.67272727
108,EWR,61.85714286
108,JFK,48.21666667
108,LGA,52.75
109,EWR,35.18055556
109,JFK,49.475
109,LGA,33.28888889
110,EWR,50.17777778
110,JFK,47.09090909
110,LGA,35.69047619
111,EWR,44.77380952
111,JFK,47.05769231
111,LGA,44.71052632
112,EWR,62.17142857
112,JFK,39.35
112,LGA,33.05555556
113,EWR,55.74193548
113,JFK,57.61702128
113,LGA,52.10416667
114,EWR,52.36781609
114,JFK,35.49230769
114,LGA,60.73809524
115,EWR,55.64102564
115,JFK,55.16
115,LGA,63.025
116,EWR,55.73015873
116,JFK,35.03921569
116,LGA,63
117,EWR,57.25352113
117,JFK,42.03846154
117,LGA,80.4
118,EWR,40.26530612
118,JFK,45.83636364
118,LGA,61.94444444
119,EWR,51.94642857
119,JFK,53.77272727
119,LGA,60.03703704
120,EWR,54.7761194
120,JFK,40.11111111
120,LGA,40.30232558
121,EWR,52.984375
121,JFK,44.27272727
121,LGA,66.2826087
122,EWR,59.30909091
122,JFK,50.21568627
122,LGA,70.11904762
123,EWR,58.52830189
123,JFK,48.96428571
123,LGA,83.33333333
124,EWR,51.35849057
124,JFK,48.51162791
124,LGA,59.57142857
125,EWR,73.31343284
125,JFK,62.73469388
125,LGA,55.77272727
126,EWR,67.85714286
126,JFK,40.82222222
126,LGA,59
127,EWR,54.84210526
127,JFK,50.31818182
127,LGA,48.08
128,EWR,52
128,JFK,53.70212766
128,LGA,55.58333333
129,EWR,50.09677419
129,JFK,37.48888889
129,LGA,45.69444444
130,EWR,59.9375
130,JFK,43.23684211
130,LGA,73.89655172
131,EWR,64.92682927
131,JFK,31.78947368
131,LGA,92.86206897
132,EWR,69.85964912
132,JFK,42.56097561
132,LGA,54.88888889
133,EWR,43.30357143
133,JFK,39.05
133,LGA,58.79166667
134,EWR,63.46153846
134,JFK,52.29411765
134,LGA,82.54545455
135,EWR,61.59574468
135,JFK,30.35897436
135,LGA,71.3030303
136,EWR,56.86486486
136,JFK,68.25
136,LGA,56.52
137,EWR,57.34090909
137,JFK,39.55172414
137,LGA,43.56756757
138,EWR,37.54054054
138,JFK,52.44736842
138,LGA,94.82758621
139,EWR,62.8
139,JFK,64.48571429
139,LGA,39.92
140,EWR,64.07894737
140,JFK,97.7037037
140,LGA,69.87878788
141,EWR,79.16
141,JFK,55.55263158
141,LGA,58.59375
142,EWR,74.4
142,JFK,50.28571429
142,LGA,51.76666667
143,EWR,71.36363636
143,JFK,83.19354839
143,LGA,62.8125
144,EWR,54
144,JFK,39.775
144,LGA,75.375
145,EWR,53.11111111
145,JFK,53.79310345
145,LGA,55.31818182
146,EWR,76.10344828
146,JFK,79.92
146,LGA,44.27272727
147,EWR,65.5
147,JFK,43.64
147,LGA,52.62068966
148,EWR,53.28571429
148,JFK,70.60606061
148,LGA,68.93333333
149,EWR,65
149,JFK,81.21212121
149,LGA,103.7857143
150,EWR,100.893617
150,JFK,42.89655172
150,LGA,81.54545455
151,EWR,69.69387755
151,JFK,39.58064516
151,LGA,57.52380952
152,EWR,53.86486486
152,JFK,55.66666667
152,LGA,86.08
153,EWR,86.02941176
153,JFK,43.67857143
153,LGA,72.45
154,EWR,52.71428571
154,JFK,76.34482759
154,LGA,108.5555556
155,EWR,68.17073171
155,JFK,84.55
155,LGA,84.22222222
156,EWR,70.46875
156,JFK,49.125
156,LGA,92
157,EWR,42.17241379
157,JFK,74.74074074
157,LGA,107.952381
158,EWR,78.78571429
158,JFK,55.34482759
158,LGA,82.66666667
159,EWR,45.75
159,JFK,85.26086957
159,LGA,57.27272727
160,EWR,87.11363636
160,JFK,74.375
160,LGA,37.125
161,EWR,59.21212121
161,JFK,56.2
161,LGA,78.47368421
162,EWR,70.63333333
162,JFK,51.32
162,LGA,76.63636364
163,EWR,59.94285714
163,JFK,69.06666667
163,LGA,87.30434783
164,EWR,44.25925926
164,JFK,60.84210526
164,LGA,76.08695652
165,EWR,53.22580645
165,JFK,60.69565217
165,LGA,91.53846154
166,EWR,67.69565217
166,JFK,52.73333333
166,LGA,82.72222222
167,EWR,61.05263158
167,JFK,66.64285714
167,LGA,71.79166667
168,EWR,50.54166667
168,JFK,53.44444444
168,LGA,84
169,EWR,67.77777778
169,JFK,74.31578947
169,LGA,69.23529412
170,EWR,94.46666667
170,JFK,87.18518519
170,LGA,85.9
171,EWR,55.37037037
171,JFK,69.82142857
171,LGA,79.85185185
172,EWR,87.14285714
172,JFK,75.85714286
172,LGA,103.4444444
173,EWR,96.4
173,JFK,59.83333333
173,LGA,92.94736842
174,EWR,74.86666667
174,JFK,35.04545455
174,LGA,110.7142857
175,EWR,95.47058824
175,JFK,82.15
175,LGA,55.5
176,EWR,80.56521739
176,JFK,56.76470588
176,LGA,77.52941176
177,EWR,74.42857143
177,JFK,43.42857143
177,LGA,93.76470588
178,EWR,86.1
178,JFK,86
178,LGA,99.04761905
179,EWR,78.77777778
179,JFK,84.875
179,LGA,72.9
180,EWR,107.4090909
180,JFK,78.6
180,LGA,51.57142857
181,EWR,83.90909091
181,JFK,61.04
181,LGA,75.21428571
182,EWR,44.92857143
182,JFK,64.95
182,LGA,63.66666667
183,EWR,76.04761905
183,JFK,74.1875
183,LGA,53.57142857
184,EWR,67.64705882
184,JFK,82.33333333
184,LGA,77.6875
185,EWR,92
185,JFK,47.125
185,LGA,86.16666667
186,EWR,60.64705882
186,JFK,52
186,LGA,103
187,EWR,56.73333333
187,JFK,87.38461538
187,LGA,198.9090909
188,EWR,76.45833333
188,JFK,56.41666667
188,LGA,69.11111111
189,EWR,61.4
189,JFK,52
189,LGA,107.2222222
190,EWR,64.65384615
190,JFK,47.1875
190,LGA,64.27777778
191,EWR,88.875
191,JFK,41.88888889
191,LGA,105.25
192,EWR,82.09090909
192,JFK,77
192,LGA,131.2142857
193,EWR,91.64705882
193,JFK,69.7
193,LGA,79.83333333
194,EWR,82.10526316
194,JFK,47.6875
194,LGA,110.5
195,EWR,107.75
195,JFK,64.91666667
195,LGA,78.82352941
196,EWR,56.21052632
196,JFK,54.90909091
196,LGA,155
197,EWR,113.2
197,JFK,60.71428571
197,LGA,92.875
198,EWR,95.70588235
198,JFK,43.77777778
198,LGA,101.2142857
199,EWR,110.4117647
199,JFK,85.28571429
199,LGA,60.75
200,EWR,90.8125
200,JFK,80.76470588
200,LGA,88.07692308
201,EWR,121.25
201,JFK,42.73333333
201,LGA,57.33333333
202,EWR,59.4
202,JFK,12.33333333
202,LGA,46.125
203,EWR,73.58823529
203,JFK,74
203,LGA,67.18181818
204,EWR,99.1875
204,JFK,79.6
204,LGA,102.8181818
205,EWR,85.35294118
205,JFK,74.9
205,LGA,83.55555556
206,EWR,97.33333333
206,JFK,134.5714286
206,LGA,90.28571429
207,EWR,103.6923077
207,JFK,67.42857143
207,LGA,126.6
208,EWR,76.26315789
208,JFK,64.44444444
208,LGA,47.4
209,EWR,108.4117647
209,JFK,64.0625
209,LGA,101
210,EWR,74.58333333
210,JFK,95
210,LGA,133.1428571
211,EWR,57.27272727
211,JFK,51.66666667
211,LGA,69.27272727
212,EWR,139.8333333
212,JFK,66.4
212,LGA,86.23076923
213,EWR,59.08333333
213,JFK,64.92307692
213,LGA,147
214,EWR,98.15384615
214,JFK,57.6
214,LGA,77.14285714
215,EWR,51.6
215,JFK,56.9
215,LGA,137.3636364
216,EWR,85.9375
216,JFK,77
216,LGA,106.8
217,EWR,85.25
217,JFK,39.1
217,LGA,164
218,EWR,82.84615385
218,JFK,69.61538462
218,LGA,117.9
219,EWR,93.125
219,JFK,39.11111111
219,LGA,133.4444444
220,EWR,106.5833333
220,JFK,44.16666667
220,LGA,39.83333333
221,EWR,75.63636364
221,JFK,58.875
221,LGA,54.47058824
222,EWR,76.86956522
222,JFK,112.6666667
222,LGA,92
223,EWR,77.1
223,JFK,54.75
223,LGA,101.125
224,EWR,103
224,JFK,96.22222222
224,LGA,197
225,EWR,98.33333333
225,JFK,89
225,LGA,116.6
226,EWR,147.2
226,JFK,173.4
226,LGA,100
227,EWR,136.6
227,JFK,53
227,LGA,113.6666667
228,EWR,77
228,JFK,119.6
228,LGA,65.2
229,EWR,103
229,JFK,44
229,LGA,105.8888889
230,EWR,162.4166667
230,JFK,133.4
230,LGA,121.75
231,EWR,126.4
231,JFK,81.5
231,LGA,50.125
232,EWR,142.6153846
232,JFK,118
232,LGA,101.5714286
233,EWR,54.11111111
233,JFK,44.4
233,LGA,68.84615385
234,EWR,47.375
234,JFK,92
234,LGA,22.25
235,EWR,58.06666667
235,JFK,118.1111111
235,LGA,128.7142857
236,EWR,100.2857143
236,JFK,107
236,LGA,37.77777778
237,EWR,117.3333333
237,JFK,34.8
237,LGA,102.1111111
238,EWR,162.4
238,JFK,76.54545455
238,LGA,59.8
239,EWR,81.33333333
239,JFK,80.8
239,LGA,48.5
240,EWR,143.625
240,JFK,95.6
240,LGA,83
241,EWR,132.6666667
241,JFK,141.125
241,LGA,49.75
242,EWR,54.25
242,JFK,121.6363636
242,LGA,59
243,EWR,91.09090909
243,JFK,51.63636364
243,LGA,176.75
244,EWR,91.375
244,JFK,37.8
244,LGA,138.8
245,EWR,174.3333333
245,JFK,65.35714286
245,LGA,100.1
246,EWR,77.28571429
246,JFK,109.7142857
246,LGA,103
247,EWR,57.85714286
247,JFK,132.8571429
247,LGA,149.5
248,EWR,94.44444444
248,JFK,72.66666667
248,LGA,135.5714286
249,EWR,84
249,JFK,98
249,LGA,59
250,EWR,143
250,JFK,19.5
250,LGA,107
251,EWR,132.3
251,JFK,73.5
251,LGA,92.25
252,EWR,30
252,JFK,5
252,LGA,123.2
253,EWR,120.4
253,JFK,49.6
253,LGA,159.7142857
254,EWR,71.16666667
254,JFK,111.6666667
254,LGA,244.5
255,EWR,57.85714286
255,JFK,61
255,LGA,103.5
256,EWR,57.875
256,JFK,57
256,LGA,98.57142857
257,EWR,96
257,JFK,97.8
257,LGA,140.5
258,EWR,142.6666667
258,JFK,86.5
258,LGA,125
259,EWR,114.2
259,JFK,38.25
259,LGA,137.6666667
260,EWR,59
260,JFK,85.875
260,LGA,134.5
261,EWR,178
261,JFK,51
261,LGA,67
262,EWR,59.5
262,JFK,15.66666667
262,LGA,112.8
263,EWR,74.33333333
263,JFK,26.5
263,LGA,171
264,EWR,133.7142857
264,JFK,270
264,LGA,41.5
265,EWR,40.4
265,JFK,68
265,LGA,33.8
266,EWR,55.71428571
266,JFK,21.5
266,LGA,120.6666667
267,EWR,142.5
267,LGA,33.66666667
268,EWR,101.6666667
268,JFK,138.125
268,LGA,77.66666667
269,EWR,26
269,JFK,147
269,LGA,230
270,EWR,76.2
270,JFK,3.285714286
270,LGA,3.5
271,EWR,101.0909091
271,JFK,38
271,LGA,130.4285714
272,EWR,122.8333333
272,JFK,71.25
272,LGA,118
273,EWR,193
273,JFK,-2
273,LGA,106.2222222
274,EWR,152.1666667
274,JFK,149.5
274,LGA,29.2
275,EWR,158.5
275,JFK,80.25
275,LGA,150.25
276,EWR,169
276,JFK,3
276,LGA,117
277,EWR,109.375
277,JFK,100
277,LGA,108.5
278,EWR,182
278,JFK,15
278,LGA,81.5
279,EWR,108.6666667
279,JFK,60
279,LGA,53.8
280,EWR,90.25
280,JFK,146
280,LGA,189.2
281,EWR,91
281,JFK,124.1428571
281,LGA,68.8
282,EWR,79.375
282,JFK,216
282,LGA,103.75
283,EWR,80.8
283,JFK,90.66666667
284,EWR,84
284,JFK,94.6
284,LGA,240.25
285,EWR,98.33333333
285,JFK,113.6666667
285,LGA,96.5
286,EWR,73.16666667
286,JFK,62.8
286,LGA,198.3333333
287,EWR,119.6666667
287,JFK,125.3333333
287,LGA,244
288,EWR,84.6
288,JFK,50.33333333
288,LGA,300
289,EWR,94
289,JFK,0
289,LGA,63.5
290,EWR,55.77777778
290,JFK,153.3333333
290,LGA,164.1666667
291,EWR,115.3
291,JFK,107.3333333
291,LGA,60.6
292,EWR,110.6666667
292,JFK,78.8
292,LGA,176.5
293,EWR,99.5
293,JFK,12.33333333
293,LGA,108.6666667
294,EWR,128.5
294,JFK,84.25
294,LGA,112
295,EWR,49.6
295,JFK,-5
295,LGA,-4
296,EWR,17
296,JFK,60
296,LGA,3.333333333
297,EWR,110
297,JFK,150.3333333
297,LGA,84.33333333
298,EWR,117
298,JFK,217
298,LGA,-3
299,EWR,143
299,JFK,42
299,LGA,196
300,LGA,224
301,EWR,-9
301,JFK,41.5
301,LGA,197.5
302,EWR,127.1666667
302,LGA,132.25
303,EWR,186.5
303,JFK,112.5
303,LGA,100
304,EWR,267.5
304,JFK,124
304,LGA,134.6666667
305,EWR,80.33333333
305,JFK,29
306,EWR,34.66666667
306,JFK,57
306,LGA,245
307,EWR,86.25
307,JFK,86
307,LGA,4.333333333
308,JFK,37.5
308,LGA,205.5
309,EWR,118
309,JFK,77.5
309,LGA,114.6
310,EWR,46.4
310,LGA,-10
311,EWR,-2
311,LGA,89
312,EWR,102.25
312,JFK,125
312,LGA,199.5
313,EWR,36.33333333
313,JFK,63
313,LGA,88
314,EWR,155.5
314,JFK,0
314,LGA,107.5
315,JFK,53.6
315,LGA,33
316,EWR,139.1428571
316,JFK,374
316,LGA,104.75
317,EWR,18.33333333
317,JFK,-5
317,LGA,201.3333333
318,EWR,26
318,LGA,25.66666667
319,EWR,-5
319,JFK,82.2
319,LGA,103.6666667
320,EWR,9.333333333
320,JFK,158
320,LGA,129.5
321,EWR,116.5
321,JFK,43.5
321,LGA,152
322,EWR,79
322,JFK,42.5
322,LGA,48
323,EWR,22.5
323,JFK,32.5
323,LGA,325
324,JFK,22
324,LGA,52
325,EWR,181
325,JFK,307.3333333
325,LGA,188.3333333
326,EWR,173
326,JFK,34.5
326,LGA,179
327,EWR,66
327,JFK,42.33333333
327,LGA,141.6666667
328,EWR,127
328,LGA,130.5
329,EWR,39.5
329,JFK,93
329,LGA,155
330,EWR,197
330,LGA,111
331,EWR,43
331,JFK,222
331,LGA,270
332,EWR,110
332,LGA,0
333,EWR,163
333,JFK,242
333,LGA,1
334,EWR,121.1666667
334,JFK,32
334,LGA,280.25
335,JFK,46.66666667
335,LGA,83
336,EWR,134
336,LGA,-1.666666667
337,JFK,45
337,LGA,302
338,LGA,68
339,EWR,94.5
339,LGA,65
340,EWR,61
340,JFK,15
340,LGA,211
341,EWR,162.3333333
341,JFK,-2
341,LGA,-2
342,JFK,112.5
342,LGA,262
343,EWR,291
343,JFK,-5
343,LGA,161.5
344,LGA,18
345,EWR,67
345,JFK,3.5
345,LGA,-9
346,EWR,22.5
346,LGA,370
347,JFK,4
347,LGA,479
348,EWR,-1
348,JFK,9.5
348,LGA,154
349,EWR,24.5
349,JFK,-4
349,LGA,-9
350,EWR,315
350,LGA,160
351,EWR,15
351,JFK,67
351,LGA,105.5
352,EWR,153.6666667
352,JFK,381
353,EWR,11
353,JFK,159
354,EWR,147
354,JFK,-6
355,EWR,-3
355,JFK,92.5
355,LGA,147
356,EWR,236
356,JFK,81
356,LGA,134.5
357,EWR,30
357,LGA,165
358,LGA,178
359,EWR,268
359,JFK,69
360,EWR,-4
360,JFK,34.66666667
360,LGA,-5
361,EWR,289
361,JFK,94
361,LGA,231
362,EWR,-7
362,LGA,172
363,JFK,18
364,EWR,158
364,JFK,101.75
364,LGA,337
365,LGA,0
366,JFK,40
366,LGA,-2.666666667
367,EWR,21
367,JFK,-6
368,EWR,25.75
368,LGA,115
369,EWR,234
369,LGA,-8
370,LGA,309
371,JFK,127.5
371,LGA,331
372,EWR,143
372,LGA,158
373,LGA,49
374,EWR,71.33333333
374,JFK,150.5
375,EWR,29.5
375,JFK,-9
375,LGA,110
376,EWR,153
376,JFK,33
376,LGA,268
378,LGA,77.66666667
379,EWR,101
379,LGA,140
380,LGA,286.5
381,EWR,28
381,JFK,200.5
381,LGA,265
382,EWR,203.5
383,EWR,91
383,JFK,-2
383,LGA,101
384,EWR,-3
385,LGA,-4
386,JFK,206
386,LGA,-3
387,EWR,128
387,LGA,-3
388,JFK,-1
388,LGA,90
389,EWR,-1
389,JFK,147.5
389,LGA,12.5
390,EWR,0
390,LGA,-3.5
391,LGA,41
392,EWR,-9
392,JFK,42
392,LGA,38
393,JFK,-2
393,LGA,155
394,JFK,90
394,LGA,20
396,EWR,218
396,JFK,47.5
397,EWR,28
397,LGA,0
398,EWR,0
398,LGA,328
399,EWR,71
401,EWR,-9
401,JFK,-3
404,JFK,195
404,LGA,123
405,EWR,361
405,JFK,-2
405,LGA,179
406,JFK,301
406,LGA,131.5
408,EWR,179
408,JFK,9
408,LGA,258
409,EWR,32
410,EWR,96
410,LGA,267
411,EWR,152
411,LGA,-14
413,JFK,200
413,LGA,104
414,EWR,-2
415,EWR,0
419,EWR,316
419,LGA,162
420,EWR,104
420,LGA,21
423,LGA,-9
426,LGA,248
427,LGA,220
430,JFK,-4
430,LGA,257
431,EWR,1.5
432,JFK,178
432,LGA,115
434,JFK,-3
436,EWR,121
436,JFK,41
437,JFK,-2
437,LGA,103
440,EWR,-6
443,EWR,103
446,LGA,-15
447,LGA,245
452,JFK,342
453,JFK,169
454,EWR,240
466,LGA,273
467,EWR,-3
470,LGA,86
471,JFK,375
473,LGA,167
475,LGA,340
478,LGA,-1
479,LGA,75
483,EWR,195
486,EWR,-2
486,JFK,84
486,LGA,100
494,LGA,-4
500,LGA,284
502,EWR,228.5
502,LGA,70
503,JFK,3
504,JFK,-3
504,LGA,77
508,JFK,0
510,LGA,-8
514,LGA,358
520,LGA,277
533,LGA,203
536,JFK,2
545,EWR,5
548,EWR,36
576,LGA,178
580,EWR,-1
589,JFK,-3
592,EWR,-6
593,LGA,306
599,JFK,-2
602,LGA,196
613,LGA,13
629,JFK,33
634,JFK,233
636,JFK,-8
639,LGA,-5
653,EWR,189
660,LGA,-7
687,JFK,-2
696,LGA,-3
702,EWR,8
747,JFK,-8
753,LGA,-6
761,JFK,-7
786,EWR,-6
787,LGA,-9
790,JFK,7
797,JFK,-10
798,EWR,-5
800,JFK,-5
803,LGA,-5
812,LGA,8
825,JFK,2
845,EWR,0
849,EWR,5
853,JFK,3.5
878,EWR,4
896,EWR,-10
898,LGA,213
899,JFK,5
960,JFK,-5
1005,JFK,-3
1014,JFK,76
1126,EWR,-6
1137,JFK,14
1301,JFK,-7