fips,year,pincp
36001,1969,4272
36001,1970,4821
36001,1971,5304
36001,1972,5709
36001,1973,6154
36001,1974,6641
36001,1975,7184
36001,1976,7623
36001,1977,8200
36001,1978,8859
36001,1979,9649
36001,1980,10720
36001,1981,11769
36001,1982,12824
36001,1983,13885
36001,1984,15348
36001,1985,16455
36001,1986,17645
36001,1987,18643
36001,1988,20287
36001,1989,22399
36001,1990,23687
36001,1991,24029
36001,1992,25165
36001,1993,25663
36001,1994,26180
36001,1995,26999
36001,1996,27956
36001,1997,29505
36001,1998,31101
36001,1999,33361
36001,2000,35841
36001,2001,35673
36001,2002,35259
36001,2003,36353
36001,2004,37386
36001,2005,38186
36001,2006,39764
36001,2007,41260
36001,2008,43673
36001,2009,44279
36001,2010,46559
36001,2011,48417
36001,2012,50190
36001,2013,50809
36001,2014,53790
36001,2015,55793
36001,2016,55805
36001,2017,59640
36001,2018,60637
36001,2019,63037
36003,1969,2928
36003,1970,3208
36003,1971,3424
36003,1972,3511
36003,1973,3831
36003,1974,4211
36003,1975,4513
36003,1976,4808
36003,1977,5102
36003,1978,5546
36003,1979,6218
36003,1980,6985
36003,1981,7555
36003,1982,8187
36003,1983,8467
36003,1984,9191
36003,1985,9706
36003,1986,10304
36003,1987,11040
36003,1988,12077
36003,1989,12838
36003,1990,13610
36003,1991,14031
36003,1992,15011
36003,1993,15439
36003,1994,15612
36003,1995,16295
36003,1996,17251
36003,1997,17601
36003,1998,18398
36003,1999,19058
36003,2000,19910
36003,2001,20194
36003,2002,20647
36003,2003,21271
36003,2004,22355
36003,2005,23148
36003,2006,24015
36003,2007,25027
36003,2008,27537
36003,2009,27406
36003,2010,28206
36003,2011,28939
36003,2012,30005
36003,2013,29997
36003,2014,31457
36003,2015,32377
36003,2016,32497
36003,2017,34116
36003,2018,34784
36003,2019,36164
36005,1969,3632
36005,1970,3839
36005,1971,3999
36005,1972,4199
36005,1973,4497
36005,1974,4894
36005,1975,5373
36005,1976,5633
36005,1977,6069
36005,1978,6615
36005,1979,7224
36005,1980,8127
36005,1981,9062
36005,1982,9825
36005,1983,10387
36005,1984,11282
36005,1985,11815
36005,1986,12367
36005,1987,12741
36005,1988,13526
36005,1989,14480
36005,1990,15643
36005,1991,15801
36005,1992,16119
36005,1993,16341
36005,1994,16759
36005,1995,17223
36005,1996,17631
36005,1997,17953
36005,1998,18356
36005,1999,18978
36005,2000,20121
36005,2001,21664
36005,2002,22020
36005,2003,22745
36005,2004,24111
36005,2005,24546
36005,2006,26288
36005,2007,28263
36005,2008,28284
36005,2009,28825
36005,2010,29901
36005,2011,30546
36005,2012,30537
36005,2013,30827
36005,2014,31833
36005,2015,33162
36005,2016,33794
36005,2017,36140
36005,2018,37459
36005,2019,39711
36007,1969,3895
36007,1970,4153
36007,1971,4412
36007,1972,4700
36007,1973,5061
36007,1974,5517
36007,1975,5991
36007,1976,6393
36007,1977,7000
36007,1978,7705
36007,1979,8440
36007,1980,9457
36007,1981,10542
36007,1982,11602
36007,1983,12430
36007,1984,13847
36007,1985,14527
36007,1986,15203
36007,1987,16102
36007,1988,17030
36007,1989,18281
36007,1990,19027
36007,1991,19536
36007,1992,20194
36007,1993,20162
36007,1994,20460
36007,1995,21242
36007,1996,22139
36007,1997,23156
36007,1998,23720
36007,1999,24702
36007,2000,26308
36007,2001,26584
36007,2002,27071
36007,2003,27213
36007,2004,28207
36007,2005,28541
36007,2006,30238
36007,2007,32184
36007,2008,34042
36007,2009,34588
36007,2010,35558
36007,2011,36651
36007,2012,37786
36007,2013,37802
36007,2014,38282
36007,2015,39980
36007,2016,40696
36007,2017,43055
36007,2018,44332
36007,2019,46361
36009,1969,3139
36009,1970,3318
36009,1971,3473
36009,1972,3630
36009,1973,4108
36009,1974,4556
36009,1975,4920
36009,1976,5245
36009,1977,5653
36009,1978,6140
36009,1979,6949
36009,1980,7636
36009,1981,8305
36009,1982,8936
36009,1983,9390
36009,1984,10366
36009,1985,10958
36009,1986,11595
36009,1987,12353
36009,1988,13174
36009,1989,14154
36009,1990,14930
36009,1991,15250
36009,1992,16235
36009,1993,16386
36009,1994,16928
36009,1995,17707
36009,1996,18537
36009,1997,19432
36009,1998,20103
36009,1999,21152
36009,2000,22019
36009,2001,23089
36009,2002,23884
36009,2003,24963
36009,2004,26387
36009,2005,26827
36009,2006,28030
36009,2007,29230
36009,2008,31074
36009,2009,31820
36009,2010,33224
36009,2011,33307
36009,2012,34342
36009,2013,34511
36009,2014,35539
36009,2015,36900
36009,2016,36897
36009,2017,39168
36009,2018,39796
36009,2019,41774
36011,1969,3372
36011,1970,3568
36011,1971,3793
36011,1972,4036
36011,1973,4474
36011,1974,4898
36011,1975,5269
36011,1976,5536
36011,1977,5917
36011,1978,6391
36011,1979,7162
36011,1980,8065
36011,1981,8966
36011,1982,9593
36011,1983,10087
36011,1984,11223
36011,1985,11838
36011,1986,12604
36011,1987,13270
36011,1988,14020
36011,1989,15179
36011,1990,16155
36011,1991,16365
36011,1992,17276
36011,1993,17844
36011,1994,18543
36011,1995,19224
36011,1996,20388
36011,1997,21051
36011,1998,21387
36011,1999,22564
36011,2000,23560
36011,2001,24215
36011,2002,24912
36011,2003,26156
36011,2004,26897
36011,2005,27039
36011,2006,27787
36011,2007,29964
36011,2008,31206
36011,2009,31223
36011,2010,32613
36011,2011,34560
36011,2012,36061
36011,2013,36688
36011,2014,37808
36011,2015,38573
36011,2016,39315
36011,2017,41286
36011,2018,42209
36011,2019,44520
36013,1969,3495
36013,1970,3709
36013,1971,3907
36013,1972,4113
36013,1973,4505
36013,1974,4979
36013,1975,5352
36013,1976,5741
36013,1977,6160
36013,1978,6817
36013,1979,7622
36013,1980,8533
36013,1981,9406
36013,1982,10108
36013,1983,10646
36013,1984,11798
36013,1985,12219
36013,1986,12729
36013,1987,13247
36013,1988,14088
36013,1989,15046
36013,1990,15732
36013,1991,16269
36013,1992,17244
36013,1993,17648
36013,1994,18209
36013,1995,18586
36013,1996,19108
36013,1997,19761
36013,1998,20654
36013,1999,21257
36013,2000,22137
36013,2001,22436
36013,2002,22566
36013,2003,23385
36013,2004,24772
36013,2005,25464
36013,2006,26593
36013,2007,27972
36013,2008,29936
36013,2009,30084
36013,2010,31459
36013,2011,33019
36013,2012,34152
36013,2013,34808
36013,2014,36107
36013,2015,37437
36013,2016,37905
36013,2017,40199
36013,2018,40472
36013,2019,42355
36015,1969,3661
36015,1970,3911
36015,1971,4135
36015,1972,4433
36015,1973,4915
36015,1974,5344
36015,1975,5707
36015,1976,6190
36015,1977,6681
36015,1978,7235
36015,1979,7793
36015,1980,8892
36015,1981,9850
36015,1982,10393
36015,1983,11046
36015,1984,12120
36015,1985,12574
36015,1986,13388
36015,1987,14154
36015,1988,14977
36015,1989,16219
36015,1990,16919
36015,1991,17532
36015,1992,18203
36015,1993,18553
36015,1994,19342
36015,1995,20178
36015,1996,21060
36015,1997,21946
36015,1998,22795
36015,1999,23841
36015,2000,25304
36015,2001,25559
36015,2002,25451
36015,2003,26053
36015,2004,27038
36015,2005,28438
36015,2006,29967
36015,2007,31321
36015,2008,33629
36015,2009,33611
36015,2010,35207
36015,2011,36843
36015,2012,37574
36015,2013,38155
36015,2014,39518
36015,2015,40253
36015,2016,40709
36015,2017,42869
36015,2018,44510
36015,2019,46421
36017,1969,3368
36017,1970,3486
36017,1971,3660
36017,1972,3910
36017,1973,4405
36017,1974,4724
36017,1975,5394
36017,1976,5432
36017,1977,5800
36017,1978,6413
36017,1979,7218
36017,1980,8074
36017,1981,8810
36017,1982,9565
36017,1983,10112
36017,1984,11138
36017,1985,11896
36017,1986,12783
36017,1987,13237
36017,1988,14099
36017,1989,15241
36017,1990,15766
36017,1991,16086
36017,1992,17267
36017,1993,17508
36017,1994,17760
36017,1995,18138
36017,1996,18658
36017,1997,19254
36017,1998,20156
36017,1999,21431
36017,2000,22398
36017,2001,23023
36017,2002,23137
36017,2003,23785
36017,2004,25337
36017,2005,25885
36017,2006,26514
36017,2007,27656
36017,2008,29238
36017,2009,29805
36017,2010,31242
36017,2011,32835
36017,2012,34632
36017,2013,35629
36017,2014,36638
36017,2015,37949
36017,2016,38703
36017,2017,41015
36017,2018,42019
36017,2019,44146
36019,1969,2959
36019,1970,3402
36019,1971,3699
36019,1972,3816
36019,1973,4259
36019,1974,4647
36019,1975,5039
36019,1976,5291
36019,1977,5586
36019,1978,6239
36019,1979,6970
36019,1980,7660
36019,1981,8567
36019,1982,9221
36019,1983,10007
36019,1984,11145
36019,1985,11925
36019,1986,12709
36019,1987,13541
36019,1988,14185
36019,1989,15242
36019,1990,16239
36019,1991,16603
36019,1992,17409
36019,1993,17825
36019,1994,18212
36019,1995,19026
36019,1996,19731
36019,1997,20550
36019,1998,21821
36019,1999,22943
36019,2000,24277
36019,2001,25339
36019,2002,25839
36019,2003,26758
36019,2004,27839
36019,2005,28359
36019,2006,29450
36019,2007,31413
36019,2008,32750
36019,2009,33787
36019,2010,35275
36019,2011,35614
36019,2012,36850
36019,2013,37529
36019,2014,38467
36019,2015,40826
36019,2016,41046
36019,2017,43136
36019,2018,43437
36019,2019,45112
36021,1969,3533
36021,1970,3838
36021,1971,4134
36021,1972,4397
36021,1973,4918
36021,1974,5381
36021,1975,5940
36021,1976,6373
36021,1977,6832
36021,1978,7614
36021,1979,8686
36021,1980,9738
36021,1981,10542
36021,1982,11263
36021,1983,11820
36021,1984,13141
36021,1985,14003
36021,1986,14893
36021,1987,15803
36021,1988,16857
36021,1989,18261
36021,1990,18576
36021,1991,18846
36021,1992,20037
36021,1993,20759
36021,1994,21197
36021,1995,22266
36021,1996,23271
36021,1997,24405
36021,1998,26125
36021,1999,27561
36021,2000,29749
36021,2001,30335
36021,2002,30076
36021,2003,30980
36021,2004,33436
36021,2005,34185
36021,2006,36682
36021,2007,37720
36021,2008,40182
36021,2009,40184
36021,2010,41884
36021,2011,43677
36021,2012,45767
36021,2013,46498
36021,2014,48848
36021,2015,50631
36021,2016,51780
36021,2017,54184
36021,2018,55630
36021,2019,58123
36023,1969,3237
36023,1970,3428
36023,1971,3754
36023,1972,3996
36023,1973,4373
36023,1974,4699
36023,1975,5070
36023,1976,5435
36023,1977,5671
36023,1978,6239
36023,1979,6789
36023,1980,7389
36023,1981,8067
36023,1982,8779
36023,1983,9451
36023,1984,10486
36023,1985,10971
36023,1986,11838
36023,1987,12739
36023,1988,13750
36023,1989,15063
36023,1990,15308
36023,1991,15950
36023,1992,16925
36023,1993,17269
36023,1994,17686
36023,1995,18379
36023,1996,18999
36023,1997,19919
36023,1998,20551
36023,1999,21432
36023,2000,23406
36023,2001,22981
36023,2002,23350
36023,2003,24146
36023,2004,25224
36023,2005,25726
36023,2006,26587
36023,2007,27973
36023,2008,29582
36023,2009,30453
36023,2010,31558
36023,2011,32560
36023,2012,34020
36023,2013,34326
36023,2014,35084
36023,2015,37466
36023,2016,37624
36023,2017,39735
36023,2018,40833
36023,2019,42252
36025,1969,3090
36025,1970,3223
36025,1971,3445
36025,1972,3677
36025,1973,3956
36025,1974,4197
36025,1975,4550
36025,1976,4784
36025,1977,5049
36025,1978,5670
36025,1979,6197
36025,1980,7092
36025,1981,7905
36025,1982,8657
36025,1983,9140
36025,1984,10300
36025,1985,10738
36025,1986,11707
36025,1987,12186
36025,1988,12856
36025,1989,14242
36025,1990,14548
36025,1991,15107
36025,1992,16036
36025,1993,16248
36025,1994,16724
36025,1995,17163
36025,1996,18253
36025,1997,19265
36025,1998,20361
36025,1999,21624
36025,2000,22774
36025,2001,22409
36025,2002,22722
36025,2003,23581
36025,2004,24805
36025,2005,25430
36025,2006,26222
36025,2007,27165
36025,2008,28782
36025,2009,29287
36025,2010,30090
36025,2011,31076
36025,2012,32327
36025,2013,33352
36025,2014,34594
36025,2015,35231
36025,2016,35643
36025,2017,38216
36025,2018,39586
36025,2019,42220
36027,1969,4057
36027,1970,4379
36027,1971,4641
36027,1972,5039
36027,1973,5508
36027,1974,6075
36027,1975,6636
36027,1976,7077
36027,1977,7661
36027,1978,8481
36027,1979,9455
36027,1980,10529
36027,1981,11917
36027,1982,13350
36027,1983,14361
36027,1984,16055
36027,1985,17247
36027,1986,18359
36027,1987,19034
36027,1988,20092
36027,1989,21884
36027,1990,23054
36027,1991,23409
36027,1992,23751
36027,1993,23846
36027,1994,23931
36027,1995,25190
36027,1996,26308
36027,1997,27993
36027,1998,28828
36027,1999,30228
36027,2000,32320
36027,2001,33726
36027,2002,33322
36027,2003,33984
36027,2004,35255
36027,2005,36673
36027,2006,38844
36027,2007,41033
36027,2008,42247
36027,2009,41342
36027,2010,42082
36027,2011,43761
36027,2012,45812
36027,2013,46092
36027,2014,47551
36027,2015,49965
36027,2016,51642
36027,2017,54113
36027,2018,55911
36027,2019,58478
36029,1969,4008
36029,1970,4231
36029,1971,4530
36029,1972,4823
36029,1973,5299
36029,1974,5787
36029,1975,6272
36029,1976,6812
36029,1977,7482
36029,1978,8177
36029,1979,9048
36029,1980,10024
36029,1981,11037
36029,1982,11719
36029,1983,12404
36029,1984,13696
36029,1985,14564
36029,1986,15459
36029,1987,16190
36029,1988,17335
36029,1989,18511
36029,1990,19686
36029,1991,19987
36029,1992,20918
36029,1993,21301
36029,1994,22094
36029,1995,23119
36029,1996,23887
36029,1997,24929
36029,1998,25953
36029,1999,27132
36029,2000,28751
36029,2001,28891
36029,2002,29459
36029,2003,30468
36029,2004,31831
36029,2005,32408
36029,2006,34217
36029,2007,36128
36029,2008,37829
36029,2009,38244
36029,2010,39626
36029,2011,41242
36029,2012,42804
36029,2013,43179
36029,2014,44433
36029,2015,46479
36029,2016,47458
36029,2017,50032
36029,2018,51406
36029,2019,53498
36031,1969,3039
36031,1970,3360
36031,1971,3669
36031,1972,3775
36031,1973,4095
36031,1974,4539
36031,1975,5055
36031,1976,5327
36031,1977,5677
36031,1978,6341
36031,1979,7002
36031,1980,7766
36031,1981,8680
36031,1982,9343
36031,1983,9889
36031,1984,11066
36031,1985,11696
36031,1986,12468
36031,1987,13294
36031,1988,14386
36031,1989,15720
36031,1990,16200
36031,1991,16500
36031,1992,17540
36031,1993,17687
36031,1994,18169
36031,1995,18844
36031,1996,19262
36031,1997,19994
36031,1998,20998
36031,1999,22104
36031,2000,23337
36031,2001,24464
36031,2002,24807
36031,2003,25570
36031,2004,26875
36031,2005,27438
36031,2006,28676
36031,2007,30135
36031,2008,32687
36031,2009,33171
36031,2010,34284
36031,2011,35300
36031,2012,37438
36031,2013,38300
36031,2014,39487
36031,2015,40348
36031,2016,41723
36031,2017,44447
36031,2018,45917
36031,2019,48181
36033,1969,2650
36033,1970,2885
36033,1971,3127
36033,1972,3316
36033,1973,3692
36033,1974,4099
36033,1975,4554
36033,1976,4848
36033,1977,5245
36033,1978,5639
36033,1979,6270
36033,1980,7104
36033,1981,7647
36033,1982,8457
36033,1983,9103
36033,1984,9831
36033,1985,10458
36033,1986,11169
36033,1987,11700
36033,1988,12351
36033,1989,13534
36033,1990,14264
36033,1991,14679
36033,1992,15577
36033,1993,15880
36033,1994,16391
36033,1995,16787
36033,1996,17539
36033,1997,17951
36033,1998,18681
36033,1999,19050
36033,2000,20586
36033,2001,21251
36033,2002,21800
36033,2003,22675
36033,2004,23869
36033,2005,24482
36033,2006,25838
36033,2007,27205
36033,2008,29240
36033,2009,29954
36033,2010,31151
36033,2011,31845
36033,2012,32587
36033,2013,33196
36033,2014,33582
36033,2015,34545
36033,2016,34669
36033,2017,37065
36033,2018,37390
36033,2019,39649
36035,1969,3428
36035,1970,3661
36035,1971,3835
36035,1972,4019
36035,1973,4318
36035,1974,4707
36035,1975,5190
36035,1976,5550
36035,1977,6152
36035,1978,6607
36035,1979,7319
36035,1980,8380
36035,1981,9421
36035,1982,10224
36035,1983,10934
36035,1984,11501
36035,1985,12055
36035,1986,12782
36035,1987,13500
36035,1988,14004
36035,1989,15460
36035,1990,15923
36035,1991,16516
36035,1992,17626
36035,1993,18143
36035,1994,18773
36035,1995,19389
36035,1996,20522
36035,1997,21419
36035,1998,22501
36035,1999,23489
36035,2000,25076
36035,2001,25038
36035,2002,25429
36035,2003,26691
36035,2004,27788
36035,2005,28011
36035,2006,29044
36035,2007,30181
36035,2008,31649
36035,2009,32372
36035,2010,33564
36035,2011,34399
36035,2012,35069
36035,2013,35815
36035,2014,36905
36035,2015,38843
36035,2016,40075
36035,2017,42094
36035,2018,43430
36035,2019,45459
36037,1969,3771
36037,1970,4054
36037,1971,4281
36037,1972,4520
36037,1973,5120
36037,1974,5646
36037,1975,5948
36037,1976,6332
36037,1977,6874
36037,1978,7523
36037,1979,8341
36037,1980,9280
36037,1981,10253
36037,1982,10852
36037,1983,11094
36037,1984,12363
36037,1985,13052
36037,1986,13763
36037,1987,14796
36037,1988,15781
36037,1989,16936
36037,1990,17920
36037,1991,18238
36037,1992,19033
36037,1993,19436
36037,1994,20080
36037,1995,20827
36037,1996,21186
36037,1997,22119
36037,1998,23253
36037,1999,24326
36037,2000,25237
36037,2001,25720
36037,2002,26009
36037,2003,27215
36037,2004,28009
36037,2005,28953
36037,2006,30065
36037,2007,31738
36037,2008,33489
36037,2009,33551
36037,2010,34775
36037,2011,36018
36037,2012,36990
36037,2013,37901
36037,2014,39303
36037,2015,40744
36037,2016,40964
36037,2017,42887
36037,2018,44080
36037,2019,46181
36039,1969,3488
36039,1970,3790
36039,1971,4141
36039,1972,4299
36039,1973,4663
36039,1974,5000
36039,1975,5390
36039,1976,5719
36039,1977,6140
36039,1978,6894
36039,1979,7578
36039,1980,8664
36039,1981,9525
36039,1982,10190
36039,1983,10933
36039,1984,12029
36039,1985,12673
36039,1986,13686
36039,1987,14669
36039,1988,15345
36039,1989,16361
36039,1990,16868
36039,1991,17144
36039,1992,17859
36039,1993,18083
36039,1994,18804
36039,1995,19337
36039,1996,20383
36039,1997,21676
36039,1998,22349
36039,1999,23271
36039,2000,24878
36039,2001,26068
36039,2002,26106
36039,2003,27582
36039,2004,28274
36039,2005,28452
36039,2006,29311
36039,2007,30138
36039,2008,32025
36039,2009,32820
36039,2010,34976
36039,2011,36823
36039,2012,38663
36039,2013,39961
36039,2014,41751
36039,2015,43491
36039,2016,44102
36039,2017,46101
36039,2018,46982
36039,2019,49100
36041,1969,2865
36041,1970,3247
36041,1971,3729
36041,1972,4048
36041,1973,4115
36041,1974,4406
36041,1975,4967
36041,1976,5466
36041,1977,5802
36041,1978,6201
36041,1979,6596
36041,1980,7851
36041,1981,8915
36041,1982,10094
36041,1983,10480
36041,1984,11691
36041,1985,12210
36041,1986,13431
36041,1987,14100
36041,1988,15119
36041,1989,16417
36041,1990,16740
36041,1991,17629
36041,1992,18881
36041,1993,20319
36041,1994,19673
36041,1995,20715
36041,1996,21151
36041,1997,22660
36041,1998,23066
36041,1999,23930
36041,2000,24570
36041,2001,26258
36041,2002,27088
36041,2003,28103
36041,2004,29262
36041,2005,30806
36041,2006,32056
36041,2007,33921
36041,2008,37194
36041,2009,39012
36041,2010,39548
36041,2011,40597
36041,2012,41425
36041,2013,42119
36041,2014,46726
36041,2015,47082
36041,2016,49069
36041,2017,52259
36041,2018,53781
36041,2019,55578
36043,1969,3764
36043,1970,3951
36043,1971,4056
36043,1972,4215
36043,1973,4435
36043,1974,4793
36043,1975,5187
36043,1976,5579
36043,1977,5975
36043,1978,6477
36043,1979,7110
36043,1980,8013
36043,1981,8863
36043,1982,9570
36043,1983,10052
36043,1984,11142
36043,1985,11549
36043,1986,12069
36043,1987,12611
36043,1988,13581
36043,1989,14721
36043,1990,15272
36043,1991,15542
36043,1992,16542
36043,1993,17045
36043,1994,17832
36043,1995,18382
36043,1996,18685
36043,1997,19285
36043,1998,20463
36043,1999,21770
36043,2000,22654
36043,2001,23309
36043,2002,23569
36043,2003,24258
36043,2004,25610
36043,2005,26178
36043,2006,27123
36043,2007,28375
36043,2008,30385
36043,2009,31627
36043,2010,32785
36043,2011,34184
36043,2012,35268
36043,2013,36054
36043,2014,36374
36043,2015,37616
36043,2016,38116
36043,2017,40536
36043,2018,41353
36043,2019,43479
36045,1969,3295
36045,1970,3535
36045,1971,3758
36045,1972,3902
36045,1973,4215
36045,1974,4606
36045,1975,4998
36045,1976,5309
36045,1977,5635
36045,1978,6255
36045,1979,6929
36045,1980,7797
36045,1981,8557
36045,1982,9442
36045,1983,10062
36045,1984,11080
36045,1985,11894
36045,1986,12836
36045,1987,14268
36045,1988,15237
36045,1989,16323
36045,1990,16606
36045,1991,17238
36045,1992,17962
36045,1993,17930
36045,1994,18124
36045,1995,19087
36045,1996,19738
36045,1997,20509
36045,1998,21652
36045,1999,22725
36045,2000,24082
36045,2001,24363
36045,2002,25591
36045,2003,27387
36045,2004,29221
36045,2005,30910
36045,2006,33527
36045,2007,35256
36045,2008,37755
36045,2009,39367
36045,2010,41382
36045,2011,42826
36045,2012,42310
36045,2013,42259
36045,2014,42846
36045,2015,43414
36045,2016,43882
36045,2017,45611
36045,2018,46800
36045,2019,49365
36047,1969,3850
36047,1970,4129
36047,1971,4336
36047,1972,4674
36047,1973,5000
36047,1974,5392
36047,1975,5865
36047,1976,6169
36047,1977,6646
36047,1978,7231
36047,1979,7799
36047,1980,8622
36047,1981,9649
36047,1982,10465
36047,1983,11221
36047,1984,12298
36047,1985,12965
36047,1986,13753
36047,1987,14459
36047,1988,15569
36047,1989,16853
36047,1990,18339
36047,1991,18326
36047,1992,18867
36047,1993,19195
36047,1994,19593
36047,1995,20500
36047,1996,21315
36047,1997,21815
36047,1998,22626
36047,1999,23885
36047,2000,25235
36047,2001,26091
36047,2002,26190
36047,2003,26647
36047,2004,28473
36047,2005,29057
36047,2006,30989
36047,2007,33183
36047,2008,34363
36047,2009,34323
36047,2010,35758
36047,2011,37598
36047,2012,38697
36047,2013,39690
36047,2014,41637
36047,2015,44338
36047,2016,46272
36047,2017,50268
36047,2018,53346
36047,2019,56080
36049,1969,2849
36049,1970,3065
36049,1971,3276
36049,1972,3490
36049,1973,3750
36049,1974,4018
36049,1975,4192
36049,1976,4587
36049,1977,4783
36049,1978,5389
36049,1979,5885
36049,1980,7031
36049,1981,7692
36049,1982,8284
36049,1983,8922
36049,1984,9892
36049,1985,10694
36049,1986,11369
36049,1987,11837
36049,1988,12451
36049,1989,13501
36049,1990,14042
36049,1991,14761
36049,1992,15345
36049,1993,15278
36049,1994,15848
36049,1995,16231
36049,1996,17282
36049,1997,17775
36049,1998,18872
36049,1999,19869
36049,2000,20647
36049,2001,21111
36049,2002,22240
36049,2003,23517
36049,2004,24651
36049,2005,26028
36049,2006,28997
36049,2007,30095
36049,2008,33206
36049,2009,34041
36049,2010,35918
36049,2011,39493
36049,2012,38808
36049,2013,40322
36049,2014,41389
36049,2015,41171
36049,2016,41184
36049,2017,43526
36049,2018,44681
36049,2019,47471
36051,1969,3644
36051,1970,3912
36051,1971,4209
36051,1972,4368
36051,1973,4776
36051,1974,5192
36051,1975,5487
36051,1976,5724
36051,1977,6157
36051,1978,6804
36051,1979,7519
36051,1980,8549
36051,1981,9578
36051,1982,10406
36051,1983,10800
36051,1984,11938
36051,1985,12931
36051,1986,13431
36051,1987,13968
36051,1988,15037
36051,1989,16249
36051,1990,17333
36051,1991,17819
36051,1992,18373
36051,1993,18946
36051,1994,19501
36051,1995,20000
36051,1996,20571
36051,1997,21178
36051,1998,22352
36051,1999,23221
36051,2000,23919
36051,2001,24039
36051,2002,24517
36051,2003,25554
36051,2004,26243
36051,2005,26830
36051,2006,27656
36051,2007,29299
36051,2008,31330
36051,2009,31554
36051,2010,33373
36051,2011,35303
36051,2012,35870
36051,2013,35753
36051,2014,36804
36051,2015,37979
36051,2016,39452
36051,2017,44310
36051,2018,45975
36051,2019,48268
36053,1969,3399
36053,1970,3560
36053,1971,3805
36053,1972,4033
36053,1973,4418
36053,1974,4782
36053,1975,5214
36053,1976,5430
36053,1977,5781
36053,1978,6385
36053,1979,7146
36053,1980,8087
36053,1981,8900
36053,1982,9657
36053,1983,10360
36053,1984,11523
36053,1985,12329
36053,1986,13078
36053,1987,13922
36053,1988,15034
36053,1989,16404
36053,1990,17202
36053,1991,17535
36053,1992,18334
36053,1993,19116
36053,1994,19756
36053,1995,20682
36053,1996,21252
36053,1997,22554
36053,1998,24007
36053,1999,25052
36053,2000,26256
36053,2001,26648
36053,2002,26819
36053,2003,27332
36053,2004,27994
36053,2005,28787
36053,2006,29671
36053,2007,30890
36053,2008,32213
36053,2009,32627
36053,2010,33599
36053,2011,35127
36053,2012,36403
36053,2013,36753
36053,2014,38197
36053,2015,39703
36053,2016,40702
36053,2017,43228
36053,2018,43779
36053,2019,45794
36055,1969,4716
36055,1970,4888
36055,1971,5219
36055,1972,5637
36055,1973,6165
36055,1974,6763
36055,1975,7262
36055,1976,7755
36055,1977,8395
36055,1978,9135
36055,1979,10166
36055,1980,11433
36055,1981,12798
36055,1982,13845
36055,1983,14440
36055,1984,15902
36055,1985,17082
36055,1986,17971
36055,1987,18587
36055,1988,20063
36055,1989,21813
36055,1990,22352
36055,1991,23055
36055,1992,23864
36055,1993,24280
36055,1994,24884
36055,1995,26086
36055,1996,27100
36055,1997,28173
36055,1998,29445
36055,1999,30458
36055,2000,31882
36055,2001,32601
36055,2002,32772
36055,2003,33064
36055,2004,34132
36055,2005,34863
36055,2006,36383
36055,2007,38187
36055,2008,40229
36055,2009,40154
36055,2010,41547
36055,2011,43444
36055,2012,45842
36055,2013,45068
36055,2014,45892
36055,2015,48262
36055,2016,49064
36055,2017,51419
36055,2018,52943
36055,2019,55034
36057,1969,3572
36057,1970,3852
36057,1971,4108
36057,1972,4348
36057,1973,4625
36057,1974,5017
36057,1975,5507
36057,1976,5869
36057,1977,6440
36057,1978,6923
36057,1979,7688
36057,1980,8579
36057,1981,9552
36057,1982,10212
36057,1983,11010
36057,1984,11826
36057,1985,12494
36057,1986,13317
36057,1987,14147
36057,1988,14763
36057,1989,15986
36057,1990,16850
36057,1991,17382
36057,1992,18327
36057,1993,18793
36057,1994,19435
36057,1995,20061
36057,1996,20341
36057,1997,21232
36057,1998,22483
36057,1999,23371
36057,2000,24866
36057,2001,26300
36057,2002,27421
36057,2003,28749
36057,2004,29149
36057,2005,29503
36057,2006,30655
36057,2007,32028
36057,2008,33194
36057,2009,33437
36057,2010,34614
36057,2011,35406
36057,2012,35703
36057,2013,36322
36057,2014,36676
36057,2015,38209
36057,2016,39223
36057,2017,41267
36057,2018,41391
36057,2019,43272
36059,1969,5762
36059,1970,6101
36059,1971,6550
36059,1972,7089
36059,1973,7663
36059,1974,8406
36059,1975,9062
36059,1976,9688
36059,1977,10634
36059,1978,11824
36059,1979,13179
36059,1980,14830
36059,1981,16655
36059,1982,18072
36059,1983,19290
36059,1984,21755
36059,1985,23138
36059,1986,24352
36059,1987,26151
36059,1988,28345
36059,1989,31041
36059,1990,32380
36059,1991,32256
36059,1992,33886
36059,1993,34807
36059,1994,35727
36059,1995,37382
36059,1996,39470
36059,1997,41863
36059,1998,44133
36059,1999,45638
36059,2000,48650
36059,2001,50602
36059,2002,50111
36059,2003,50638
36059,2004,52801
36059,2005,56061
36059,2006,59961
36059,2007,63915
36059,2008,65601
36059,2009,63096
36059,2010,65565
36059,2011,68494
36059,2012,73541
36059,2013,72420
36059,2014,75393
36059,2015,78696
36059,2016,80941
36059,2017,85663
36059,2018,89711
36059,2019,93241
36061,1969,7841
36061,1970,8509
36061,1971,9128
36061,1972,9770
36061,1973,10218
36061,1974,10969
36061,1975,11840
36061,1976,12591
36061,1977,13875
36061,1978,15467
36061,1979,16711
36061,1980,18174
36061,1981,20152
36061,1982,21747
36061,1983,23983
36061,1984,25687
36061,1985,28259
36061,1986,30685
36061,1987,34745
36061,1988,41126
36061,1989,44237
36061,1990,50091
36061,1991,46357
36061,1992,51236
36061,1993,53117
36061,1994,54535
36061,1995,59088
36061,1996,64417
36061,1997,69236
36061,1998,75304
36061,1999,81007
36061,2000,88609
36061,2001,93406
36061,2002,91072
36061,2003,88496
36061,2004,89573
36061,2005,96318
36061,2006,109741
36061,2007,123285
36061,2008,120389
36061,2009,114109
36061,2010,120442
36061,2011,131239
36061,2012,138876
36061,2013,142958
36061,2014,151154
36061,2015,154960
36061,2016,165782
36061,2017,183568
36061,2018,190997
36061,2019,197847
36063,1969,3842
36063,1970,4021
36063,1971,4408
36063,1972,4671
36063,1973,5087
36063,1974,5548
36063,1975,6040
36063,1976,6554
36063,1977,7295
36063,1978,7887
36063,1979,8838
36063,1980,9670
36063,1981,10521
36063,1982,11123
36063,1983,11883
36063,1984,13166
36063,1985,13914
36063,1986,14571
36063,1987,15080
36063,1988,16112
36063,1989,17146
36063,1990,17952
36063,1991,18442
36063,1992,19234
36063,1993,19603
36063,1994,20285
36063,1995,21076
36063,1996,21780
36063,1997,22614
36063,1998,23289
36063,1999,24170
36063,2000,25176
36063,2001,25756
36063,2002,26306
36063,2003,27257
36063,2004,28214
36063,2005,29141
36063,2006,30945
36063,2007,32390
36063,2008,33754
36063,2009,34052
36063,2010,34903
36063,2011,36573
36063,2012,37611
36063,2013,38043
36063,2014,39073
36063,2015,40846
36063,2016,41786
36063,2017,44192
36063,2018,45245
36063,2019,47207
36065,1969,3595
36065,1970,3863
36065,1971,4124
36065,1972,4372
36065,1973,4860
36065,1974,5285
36065,1975,5763
36065,1976,6159
36065,1977,6612
36065,1978,7224
36065,1979,7932
36065,1980,8941
36065,1981,9922
36065,1982,10820
36065,1983,11434
36065,1984,12563
36065,1985,13266
36065,1986,14039
36065,1987,14687
36065,1988,15611
36065,1989,16724
36065,1990,17641
36065,1991,17893
36065,1992,18858
36065,1993,19381
36065,1994,19852
36065,1995,20620
36065,1996,21278
36065,1997,22338
36065,1998,23372
36065,1999,24416
36065,2000,25615
36065,2001,25908
36065,2002,26040
36065,2003,26865
36065,2004,28172
36065,2005,29022
36065,2006,30671
36065,2007,32648
36065,2008,34180
36065,2009,34855
36065,2010,36112
36065,2011,37064
36065,2012,38007
36065,2013,38351
36065,2014,38783
36065,2015,40249
36065,2016,41168
36065,2017,43506
36065,2018,44692
36065,2019,46867
36067,1969,3977
36067,1970,4219
36067,1971,4558
36067,1972,4912
36067,1973,5322
36067,1974,5843
36067,1975,6243
36067,1976,6671
36067,1977,7315
36067,1978,8040
36067,1979,9008
36067,1980,10060
36067,1981,11051
36067,1982,11942
36067,1983,12851
36067,1984,14226
36067,1985,15079
36067,1986,16059
36067,1987,16671
36067,1988,17878
36067,1989,19556
36067,1990,20421
36067,1991,20712
36067,1992,21745
36067,1993,22126
36067,1994,22726
36067,1995,23565
36067,1996,24374
36067,1997,25355
36067,1998,26716
36067,1999,27945
36067,2000,29530
36067,2001,29697
36067,2002,30290
36067,2003,31441
36067,2004,32886
36067,2005,33936
36067,2006,35650
36067,2007,37864
36067,2008,39131
36067,2009,39442
36067,2010,40349
36067,2011,41983
36067,2012,43738
36067,2013,43896
36067,2014,45279
36067,2015,47600
36067,2016,48443
36067,2017,51167
36067,2018,53398
36067,2019,55564
36069,1969,3866
36069,1970,4129
36069,1971,4377
36069,1972,4685
36069,1973,5144
36069,1974,5621
36069,1975,6068
36069,1976,6462
36069,1977,7017
36069,1978,7447
36069,1979,8312
36069,1980,9401
36069,1981,10482
36069,1982,11374
36069,1983,11978
36069,1984,13147
36069,1985,13988
36069,1986,14895
36069,1987,15809
36069,1988,17177
36069,1989,18783
36069,1990,19875
36069,1991,20281
36069,1992,21277
36069,1993,21769
36069,1994,22426
36069,1995,23506
36069,1996,23822
36069,1997,24764
36069,1998,26529
36069,1999,28079
36069,2000,29236
36069,2001,29652
36069,2002,29389
36069,2003,30252
36069,2004,31889
36069,2005,32782
36069,2006,34305
36069,2007,36388
36069,2008,38017
36069,2009,38091
36069,2010,39360
36069,2011,41400
36069,2012,43091
36069,2013,43961
36069,2014,45818
36069,2015,49512
36069,2016,49584
36069,2017,52197
36069,2018,53303
36069,2019,55541
36071,1969,4025
36071,1970,4260
36071,1971,4703
36071,1972,5219
36071,1973,5631
36071,1974,6011
36071,1975,6466
36071,1976,6976
36071,1977,7472
36071,1978,8141
36071,1979,8980
36071,1980,10078
36071,1981,11313
36071,1982,12285
36071,1983,13112
36071,1984,14321
36071,1985,15241
36071,1986,16161
36071,1987,17062
36071,1988,18224
36071,1989,19540
36071,1990,20182
36071,1991,20700
36071,1992,21611
36071,1993,21836
36071,1994,22372
36071,1995,23077
36071,1996,23843
36071,1997,24588
36071,1998,26137
36071,1999,27513
36071,2000,28878
36071,2001,29663
36071,2002,30078
36071,2003,31352
36071,2004,32800
36071,2005,34266
36071,2006,36304
36071,2007,38460
36071,2008,40065
36071,2009,39383
36071,2010,39977
36071,2011,41688
36071,2012,43288
36071,2013,44098
36071,2014,45317
36071,2015,47145
36071,2016,47943
36071,2017,49964
36071,2018,51343
36071,2019,53656
36073,1969,3744
36073,1970,3889
36073,1971,4098
36073,1972,4312
36073,1973,4880
36073,1974,5349
36073,1975,5800
36073,1976,6030
36073,1977,6671
36073,1978,7198
36073,1979,7974
36073,1980,8886
36073,1981,9802
36073,1982,10471
36073,1983,10709
36073,1984,12004
36073,1985,12672
36073,1986,13309
36073,1987,13657
36073,1988,14473
36073,1989,15284
36073,1990,15912
36073,1991,16590
36073,1992,16623
36073,1993,17194
36073,1994,17942
36073,1995,18447
36073,1996,18684
36073,1997,19417
36073,1998,19876
36073,1999,20555
36073,2000,21875
36073,2001,22192
36073,2002,22407
36073,2003,23313
36073,2004,24345
36073,2005,25139
36073,2006,25882
36073,2007,27077
36073,2008,28345
36073,2009,28869
36073,2010,30403
36073,2011,31590
36073,2012,32457
36073,2013,33238
36073,2014,34101
36073,2015,35595
36073,2016,36171
36073,2017,38301
36073,2018,39087
36073,2019,41050
36075,1969,3141
36075,1970,3372
36075,1971,3682
36075,1972,3916
36075,1973,4295
36075,1974,4620
36075,1975,4846
36075,1976,5298
36075,1977,5987
36075,1978,6351
36075,1979,7102
36075,1980,7948
36075,1981,9048
36075,1982,10495
36075,1983,11502
36075,1984,12916
36075,1985,13576
36075,1986,13930
36075,1987,13894
36075,1988,14577
36075,1989,15606
36075,1990,16362
36075,1991,16608
36075,1992,17730
36075,1993,17795
36075,1994,18304
36075,1995,18803
36075,1996,18840
36075,1997,19585
36075,1998,20287
36075,1999,21183
36075,2000,22458
36075,2001,22887
36075,2002,23658
36075,2003,24271
36075,2004,25150
36075,2005,25877
36075,2006,27015
36075,2007,28459
36075,2008,29974
36075,2009,30522
36075,2010,31803
36075,2011,32494
36075,2012,33708
36075,2013,33831
36075,2014,34981
36075,2015,36249
36075,2016,36980
36075,2017,39326
36075,2018,40161
36075,2019,42025
36077,1969,3342
36077,1970,3547
36077,1971,3831
36077,1972,4107
36077,1973,4453
36077,1974,4808
36077,1975,5084
36077,1976,5387
36077,1977,5837
36077,1978,6324
36077,1979,6947
36077,1980,7802
36077,1981,8618
36077,1982,9419
36077,1983,9955
36077,1984,11060
36077,1985,11680
36077,1986,12376
36077,1987,13165
36077,1988,13812
36077,1989,15090
36077,1990,15779
36077,1991,16544
36077,1992,17424
36077,1993,17538
36077,1994,17903
36077,1995,18728
36077,1996,19562
36077,1997,20286
36077,1998,21039
36077,1999,22052
36077,2000,22564
36077,2001,23401
36077,2002,23603
36077,2003,24818
36077,2004,26229
36077,2005,26925
36077,2006,28258
36077,2007,28946
36077,2008,31423
36077,2009,31767
36077,2010,32972
36077,2011,34289
36077,2012,35756
36077,2013,36224
36077,2014,37651
36077,2015,39183
36077,2016,40239
36077,2017,42289
36077,2018,43759
36077,2019,45774
36079,1969,4597
36079,1970,4644
36079,1971,5061
36079,1972,5315
36079,1973,5646
36079,1974,6137
36079,1975,6714
36079,1976,7274
36079,1977,8009
36079,1978,9094
36079,1979,10158
36079,1980,11896
36079,1981,13326
36079,1982,14450
36079,1983,15367
36079,1984,17363
36079,1985,18931
36079,1986,20256
36079,1987,21421
36079,1988,23285
36079,1989,24473
36079,1990,25680
36079,1991,26080
36079,1992,27416
36079,1993,28385
36079,1994,28678
36079,1995,29982
36079,1996,31734
36079,1997,33648
36079,1998,35102
36079,1999,37268
36079,2000,39736
36079,2001,41595
36079,2002,41176
36079,2003,41991
36079,2004,43690
36079,2005,44966
36079,2006,47843
36079,2007,50636
36079,2008,51417
36079,2009,49625
36079,2010,50778
36079,2011,52999
36079,2012,61766
36079,2013,55082
36079,2014,57173
36079,2015,59365
36079,2016,60735
36079,2017,62987
36079,2018,66396
36079,2019,69365
36081,1969,5087
36081,1970,5492
36081,1971,5777
36081,1972,6176
36081,1973,6586
36081,1974,7048
36081,1975,7611
36081,1976,7954
36081,1977,8520
36081,1978,9130
36081,1979,9781
36081,1980,10750
36081,1981,12053
36081,1982,13150
36081,1983,14033
36081,1984,15415
36081,1985,16302
36081,1986,17296
36081,1987,18163
36081,1988,19515
36081,1989,21336
36081,1990,22371
36081,1991,22328
36081,1992,22620
36081,1993,22780
36081,1994,23000
36081,1995,23869
36081,1996,24399
36081,1997,25113
36081,1998,25772
36081,1999,26727
36081,2000,28599
36081,2001,29857
36081,2002,29761
36081,2003,30341
36081,2004,31796
36081,2005,32311
36081,2006,34100
36081,2007,36203
36081,2008,36411
36081,2009,36237
36081,2010,37203
36081,2011,38470
36081,2012,39478
36081,2013,39985
36081,2014,41377
36081,2015,43855
36081,2016,44902
36081,2017,47867
36081,2018,50279
36081,2019,53008
36083,1969,3642
36083,1970,3884
36083,1971,4167
36083,1972,4406
36083,1973,4746
36083,1974,5209
36083,1975,5640
36083,1976,6059
36083,1977,6512
36083,1978,7150
36083,1979,7945
36083,1980,8979
36083,1981,9864
36083,1982,10771
36083,1983,11623
36083,1984,12799
36083,1985,13597
36083,1986,14606
36083,1987,15452
36083,1988,16780
36083,1989,18356
36083,1990,19092
36083,1991,19634
36083,1992,20493
36083,1993,21127
36083,1994,22083
36083,1995,22925
36083,1996,23295
36083,1997,24475
36083,1998,25783
36083,1999,27118
36083,2000,28943
36083,2001,29668
36083,2002,29887
36083,2003,30763
36083,2004,31970
36083,2005,32636
36083,2006,34193
36083,2007,35735
36083,2008,37712
36083,2009,38076
36083,2010,38840
36083,2011,39697
36083,2012,40753
36083,2013,41817
36083,2014,42747
36083,2015,44673
36083,2016,45712
36083,2017,47927
36083,2018,49274
36083,2019,51356
36085,1969,4502
36085,1970,4602
36085,1971,4946
36085,1972,5391
36085,1973,5803
36085,1974,6395
36085,1975,7083
36085,1976,7566
36085,1977,8206
36085,1978,8941
36085,1979,9776
36085,1980,11205
36085,1981,12538
36085,1982,13829
36085,1983,14814
36085,1984,16244
36085,1985,17215
36085,1986,18520
36085,1987,19437
36085,1988,20953
36085,1989,22172
36085,1990,23565
36085,1991,23666
36085,1992,24708
36085,1993,25303
36085,1994,26199
36085,1995,27541
36085,1996,28567
36085,1997,30230
36085,1998,30952
36085,1999,32530
36085,2000,34816
36085,2001,36160
36085,2002,35890
36085,2003,36464
36085,2004,37853
36085,2005,38786
36085,2006,40825
36085,2007,43055
36085,2008,43600
36085,2009,42727
36085,2010,43363
36085,2011,44923
36085,2012,46140
36085,2013,46176
36085,2014,48164
36085,2015,51057
36085,2016,52060
36085,2017,54488
36085,2018,56171
36085,2019,58890
36087,1969,4694
36087,1970,4901
36087,1971,5373
36087,1972,5988
36087,1973,6444
36087,1974,7036
36087,1975,7712
36087,1976,8294
36087,1977,9033
36087,1978,9950
36087,1979,11151
36087,1980,12701
36087,1981,14233
36087,1982,15383
36087,1983,16429
36087,1984,18207
36087,1985,19367
36087,1986,20469
36087,1987,21914
36087,1988,24294
36087,1989,25871
36087,1990,26805
36087,1991,27086
36087,1992,28388
36087,1993,29162
36087,1994,30883
36087,1995,31833
36087,1996,33499
36087,1997,35984
36087,1998,37650
36087,1999,39308
36087,2000,42431
36087,2001,41524
36087,2002,40902
36087,2003,40905
36087,2004,42930
36087,2005,44057
36087,2006,46779
36087,2007,49499
36087,2008,50069
36087,2009,48122
36087,2010,48573
36087,2011,50423
36087,2012,52330
36087,2013,51700
36087,2014,53442
36087,2015,55439
36087,2016,55928
36087,2017,58184
36087,2018,60568
36087,2019,63167
36089,1969,2875
36089,1970,3075
36089,1971,3351
36089,1972,3477
36089,1973,3839
36089,1974,4247
36089,1975,4538
36089,1976,4785
36089,1977,5083
36089,1978,5514
36089,1979,6070
36089,1980,6869
36089,1981,7626
36089,1982,8353
36089,1983,9045
36089,1984,9842
36089,1985,10334
36089,1986,10963
36089,1987,11479
36089,1988,11920
36089,1989,13150
36089,1990,13949
36089,1991,14447
36089,1992,15431
36089,1993,15590
36089,1994,16243
36089,1995,16612
36089,1996,17307
36089,1997,18147
36089,1998,19364
36089,1999,19978
36089,2000,20987
36089,2001,21173
36089,2002,21563
36089,2003,22526
36089,2004,23400
36089,2005,23845
36089,2006,24895
36089,2007,26359
36089,2008,28187
36089,2009,28437
36089,2010,29630
36089,2011,30573
36089,2012,31359
36089,2013,32200
36089,2014,32987
36089,2015,34020
36089,2016,34729
36089,2017,37054
36089,2018,37892
36089,2019,39697
36091,1969,3701
36091,1970,3877
36091,1971,4168
36091,1972,4436
36091,1973,4750
36091,1974,5225
36091,1975,5622
36091,1976,6099
36091,1977,6615
36091,1978,7351
36091,1979,8235
36091,1980,9476
36091,1981,10706
36091,1982,11848
36091,1983,12588
36091,1984,13993
36091,1985,15039
36091,1986,16138
36091,1987,17234
36091,1988,18395
36091,1989,19899
36091,1990,20619
36091,1991,21257
36091,1992,22461
36091,1993,23207
36091,1994,23812
36091,1995,24542
36091,1996,25653
36091,1997,27300
36091,1998,28823
36091,1999,30567
36091,2000,32788
36091,2001,34019
36091,2002,34134
36091,2003,35368
36091,2004,37151
36091,2005,39483
36091,2006,42128
36091,2007,44341
36091,2008,46698
36091,2009,46709
36091,2010,48920
36091,2011,51124
36091,2012,53431
36091,2013,54129
36091,2014,55812
36091,2015,61020
36091,2016,62577
36091,2017,65315
36091,2018,70127
36091,2019,72757
36093,1969,4202
36093,1970,4681
36093,1971,5122
36093,1972,5371
36093,1973,5790
36093,1974,6302
36093,1975,6805
36093,1976,7333
36093,1977,7955
36093,1978,8622
36093,1979,9482
36093,1980,10646
36093,1981,11904
36093,1982,13025
36093,1983,13752
36093,1984,15065
36093,1985,15942
36093,1986,16806
36093,1987,17682
36093,1988,18715
36093,1989,20450
36093,1990,21409
36093,1991,22115
36093,1992,23513
36093,1993,24186
36093,1994,24936
36093,1995,25798
36093,1996,26895
36093,1997,28373
36093,1998,29136
36093,1999,28585
36093,2000,30142
36093,2001,36001
36093,2002,36964
36093,2003,36945
36093,2004,38274
36093,2005,38443
36093,2006,39958
36093,2007,41179
36093,2008,42537
36093,2009,42002
36093,2010,42477
36093,2011,43292
36093,2012,43862
36093,2013,45057
36093,2014,45859
36093,2015,46182
36093,2016,47517
36093,2017,49329
36093,2018,49687
36093,2019,51697
36095,1969,3215
36095,1970,3503
36095,1971,3870
36095,1972,3815
36095,1973,4024
36095,1974,4346
36095,1975,4687
36095,1976,4974
36095,1977,5345
36095,1978,6078
36095,1979,6609
36095,1980,7286
36095,1981,8067
36095,1982,8771
36095,1983,9266
36095,1984,10267
36095,1985,11020
36095,1986,11912
36095,1987,12504
36095,1988,13209
36095,1989,14743
36095,1990,15456
36095,1991,16027
36095,1992,17041
36095,1993,17981
36095,1994,18983
36095,1995,19559
36095,1996,19514
36095,1997,20578
36095,1998,22239
36095,1999,23095
36095,2000,24722
36095,2001,25001
36095,2002,24513
36095,2003,24937
36095,2004,25815
36095,2005,25991
36095,2006,26433
36095,2007,27485
36095,2008,29211
36095,2009,30074
36095,2010,30638
36095,2011,31482
36095,2012,32896
36095,2013,33592
36095,2014,34847
36095,2015,36007
36095,2016,37515
36095,2017,39716
36095,2018,40989
36095,2019,43113
36097,1969,3272
36097,1970,3442
36097,1971,3691
36097,1972,3821
36097,1973,4265
36097,1974,4655
36097,1975,4954
36097,1976,5263
36097,1977,5720
36097,1978,6149
36097,1979,6702
36097,1980,7699
36097,1981,8494
36097,1982,8969
36097,1983,9400
36097,1984,10156
36097,1985,10737
36097,1986,11474
36097,1987,11933
36097,1988,12863
36097,1989,13655
36097,1990,13992
36097,1991,14590
36097,1992,15185
36097,1993,15679
36097,1994,16335
36097,1995,16946
36097,1996,17934
36097,1997,18457
36097,1998,19298
36097,1999,20937
36097,2000,22846
36097,2001,22906
36097,2002,23031
36097,2003,23801
36097,2004,25327
36097,2005,25998
36097,2006,26666
36097,2007,28232
36097,2008,30059
36097,2009,31014
36097,2010,32906
36097,2011,34295
36097,2012,35459
36097,2013,36344
36097,2014,38075
36097,2015,39298
36097,2016,39271
36097,2017,40988
36097,2018,41513
36097,2019,43262
36099,1969,3399
36099,1970,3778
36099,1971,4088
36099,1972,4451
36099,1973,4964
36099,1974,5445
36099,1975,5861
36099,1976,6133
36099,1977,6559
36099,1978,7068
36099,1979,7820
36099,1980,9039
36099,1981,9938
36099,1982,10774
36099,1983,11477
36099,1984,12725
36099,1985,13159
36099,1986,13785
36099,1987,14475
36099,1988,15487
36099,1989,16734
36099,1990,17488
36099,1991,17885
36099,1992,18629
36099,1993,19485
36099,1994,19806
36099,1995,20330
36099,1996,20418
36099,1997,21513
36099,1998,22390
36099,1999,23030
36099,2000,24052
36099,2001,23290
36099,2002,23325
36099,2003,23938
36099,2004,25471
36099,2005,25651
36099,2006,26454
36099,2007,27631
36099,2008,29479
36099,2009,29721
36099,2010,31040
36099,2011,31996
36099,2012,33072
36099,2013,33408
36099,2014,34267
36099,2015,35034
36099,2016,35566
36099,2017,38190
36099,2018,38553
36099,2019,40534
36101,1969,3500
36101,1970,3691
36101,1971,3812
36101,1972,4007
36101,1973,4545
36101,1974,5075
36101,1975,5365
36101,1976,5678
36101,1977,6184
36101,1978,6715
36101,1979,7398
36101,1980,8266
36101,1981,9116
36101,1982,9718
36101,1983,10492
36101,1984,11312
36101,1985,12163
36101,1986,13139
36101,1987,13503
36101,1988,14819
36101,1989,16157
36101,1990,17090
36101,1991,17849
36101,1992,18398
36101,1993,18640
36101,1994,19297
36101,1995,20486
36101,1996,21583
36101,1997,21856
36101,1998,22919
36101,1999,24393
36101,2000,29331
36101,2001,27605
36101,2002,25839
36101,2003,25657
36101,2004,26732
36101,2005,28258
36101,2006,31226
36101,2007,32126
36101,2008,33798
36101,2009,33045
36101,2010,35503
36101,2011,36578
36101,2012,37351
36101,2013,38373
36101,2014,39563
36101,2015,40885
36101,2016,41275
36101,2017,43554
36101,2018,45241
36101,2019,47212
36103,1969,4185
36103,1970,4386
36103,1971,4742
36103,1972,5186
36103,1973,5608
36103,1974,6078
36103,1975,6569
36103,1976,6997
36103,1977,7557
36103,1978,8369
36103,1979,9348
36103,1980,10843
36103,1981,12150
36103,1982,13284
36103,1983,14368
36103,1984,16084
36103,1985,17379
36103,1986,18818
36103,1987,20002
36103,1988,21674
36103,1989,22913
36103,1990,24620
36103,1991,25008
36103,1992,25821
36103,1993,26444
36103,1994,27643
36103,1995,28594
36103,1996,29907
36103,1997,32176
36103,1998,33216
36103,1999,35027
36103,2000,37974
36103,2001,38348
36103,2002,38350
36103,2003,38907
36103,2004,41166
36103,2005,43249
36103,2006,46674
36103,2007,50098
36103,2008,50634
36103,2009,49288
36103,2010,50593
36103,2011,52497
36103,2012,55340
36103,2013,55445
36103,2014,57496
36103,2015,60384
36103,2016,62845
36103,2017,65649
36103,2018,68868
36103,2019,71911
36105,1969,3835
36105,1970,4115
36105,1971,4329
36105,1972,4631
36105,1973,4963
36105,1974,5298
36105,1975,5893
36105,1976,6049
36105,1977,6329
36105,1978,6877
36105,1979,7614
36105,1980,8853
36105,1981,10036
36105,1982,10946
36105,1983,11309
36105,1984,12769
36105,1985,13771
36105,1986,14719
36105,1987,15512
36105,1988,16384
36105,1989,17687
36105,1990,18312
36105,1991,18433
36105,1992,19521
36105,1993,20065
36105,1994,20660
36105,1995,21187
36105,1996,22447
36105,1997,22118
36105,1998,23369
36105,1999,24459
36105,2000,26434
36105,2001,25843
36105,2002,26405
36105,2003,27424
36105,2004,28777
36105,2005,29457
36105,2006,29855
36105,2007,30670
36105,2008,32604
36105,2009,33471
36105,2010,34597
36105,2011,35517
36105,2012,36597
36105,2013,36882
36105,2014,38825
36105,2015,41309
36105,2016,42070
36105,2017,44437
36105,2018,46012
36105,2019,48753
36107,1969,3520
36107,1970,3712
36107,1971,3884
36107,1972,4248
36107,1973,4621
36107,1974,5010
36107,1975,5431
36107,1976,5846
36107,1977,6318
36107,1978,7012
36107,1979,7856
36107,1980,8674
36107,1981,9576
36107,1982,10612
36107,1983,11393
36107,1984,12566
36107,1985,13404
36107,1986,14286
36107,1987,15070
36107,1988,15646
36107,1989,16637
36107,1990,16867
36107,1991,17590
36107,1992,18228
36107,1993,18437
36107,1994,18660
36107,1995,19380
36107,1996,20240
36107,1997,21230
36107,1998,21656
36107,1999,23358
36107,2000,24648
36107,2001,25278
36107,2002,25066
36107,2003,25510
36107,2004,27327
36107,2005,28418
36107,2006,30369
36107,2007,32049
36107,2008,33897
36107,2009,34789
36107,2010,35647
36107,2011,36908
36107,2012,38838
36107,2013,39997
36107,2014,42001
36107,2015,41401
36107,2016,42053
36107,2017,44275
36107,2018,44804
36107,2019,46969
36109,1969,3251
36109,1970,3523
36109,1971,3805
36109,1972,4029
36109,1973,4349
36109,1974,4712
36109,1975,5052
36109,1976,5298
36109,1977,5490
36109,1978,5992
36109,1979,6508
36109,1980,7468
36109,1981,8560
36109,1982,9502
36109,1983,10698
36109,1984,11932
36109,1985,12667
36109,1986,13573
36109,1987,14364
36109,1988,15119
36109,1989,16688
36109,1990,17173
36109,1991,17446
36109,1992,18231
36109,1993,18476
36109,1994,19136
36109,1995,19906
36109,1996,20298
36109,1997,21016
36109,1998,21926
36109,1999,23189
36109,2000,24478
36109,2001,25680
36109,2002,26117
36109,2003,27171
36109,2004,28570
36109,2005,28769
36109,2006,30140
36109,2007,31897
36109,2008,34318
36109,2009,34224
36109,2010,34966
36109,2011,36581
36109,2012,37821
36109,2013,37960
36109,2014,39083
36109,2015,41159
36109,2016,41111
36109,2017,43732
36109,2018,45120
36109,2019,46496
36111,1969,3771
36111,1970,4040
36111,1971,4251
36111,1972,4498
36111,1973,4934
36111,1974,5376
36111,1975,5853
36111,1976,6131
36111,1977,6592
36111,1978,7209
36111,1979,7965
36111,1980,8986
36111,1981,9992
36111,1982,11215
36111,1983,12271
36111,1984,13699
36111,1985,14687
36111,1986,15816
36111,1987,16378
36111,1988,17345
36111,1989,18756
36111,1990,19318
36111,1991,20004
36111,1992,20979
36111,1993,20391
36111,1994,20483
36111,1995,20916
36111,1996,21403
36111,1997,22289
36111,1998,23877
36111,1999,25012
36111,2000,26608
36111,2001,27366
36111,2002,27326
36111,2003,28121
36111,2004,30539
36111,2005,31939
36111,2006,33933
36111,2007,35618
36111,2008,37130
36111,2009,37118
36111,2010,38245
36111,2011,39623
36111,2012,40964
36111,2013,41308
36111,2014,42912
36111,2015,44679
36111,2016,46296
36111,2017,48584
36111,2018,50590
36111,2019,53006
36113,1969,3515
36113,1970,3859
36113,1971,4096
36113,1972,4331
36113,1973,4679
36113,1974,5054
36113,1975,5478
36113,1976,6001
36113,1977,6445
36113,1978,6978
36113,1979,7586
36113,1980,8534
36113,1981,9413
36113,1982,10293
36113,1983,11073
36113,1984,12416
36113,1985,13347
36113,1986,14602
36113,1987,15762
36113,1988,17197
36113,1989,18392
36113,1990,18823
36113,1991,19056
36113,1992,20404
36113,1993,20383
36113,1994,20857
36113,1995,22085
36113,1996,22768
36113,1997,23902
36113,1998,25097
36113,1999,26060
36113,2000,27882
36113,2001,28073
36113,2002,28845
36113,2003,30079
36113,2004,32267
36113,2005,32762
36113,2006,34362
36113,2007,35343
36113,2008,37763
36113,2009,38930
36113,2010,40855
36113,2011,42135
36113,2012,43469
36113,2013,44358
36113,2014,45092
36113,2015,46904
36113,2016,48233
36113,2017,50796
36113,2018,52822
36113,2019,55181
36115,1969,3102
36115,1970,3385
36115,1971,3535
36115,1972,3746
36115,1973,4092
36115,1974,4458
36115,1975,4691
36115,1976,5040
36115,1977,5350
36115,1978,5927
36115,1979,6533
36115,1980,7318
36115,1981,8154
36115,1982,8810
36115,1983,9442
36115,1984,10454
36115,1985,10957
36115,1986,11658
36115,1987,12356
36115,1988,13211
36115,1989,14221
36115,1990,14749
36115,1991,15098
36115,1992,16101
36115,1993,16605
36115,1994,17448
36115,1995,17919
36115,1996,18780
36115,1997,19471
36115,1998,20326
36115,1999,20788
36115,2000,22577
36115,2001,22690
36115,2002,22684
36115,2003,23543
36115,2004,25093
36115,2005,25880
36115,2006,26490
36115,2007,27440
36115,2008,29407
36115,2009,30211
36115,2010,31066
36115,2011,32707
36115,2012,33484
36115,2013,34116
36115,2014,35236
36115,2015,35808
36115,2016,36707
36115,2017,39002
36115,2018,40148
36115,2019,42181
36117,1969,3752
36117,1970,3854
36117,1971,4086
36117,1972,4342
36117,1973,4871
36117,1974,5408
36117,1975,5803
36117,1976,6140
36117,1977,6586
36117,1978,7316
36117,1979,7876
36117,1980,9056
36117,1981,10058
36117,1982,11147
36117,1983,11512
36117,1984,12636
36117,1985,13547
36117,1986,14378
36117,1987,15143
36117,1988,16104
36117,1989,17468
36117,1990,18068
36117,1991,18881
36117,1992,19974
36117,1993,20412
36117,1994,21115
36117,1995,21876
36117,1996,22483
36117,1997,23522
36117,1998,24020
36117,1999,24598
36117,2000,25809
36117,2001,26049
36117,2002,26190
36117,2003,27384
36117,2004,28292
36117,2005,28980
36117,2006,30295
36117,2007,31883
36117,2008,33526
36117,2009,33737
36117,2010,35095
36117,2011,36463
36117,2012,37546
36117,2013,38445
36117,2014,39295
36117,2015,41170
36117,2016,42377
36117,2017,44962
36117,2018,45828
36117,2019,47886
36119,1969,6365
36119,1970,6682
36119,1971,7095
36119,1972,7550
36119,1973,8005
36119,1974,8704
36119,1975,9446
36119,1976,10042
36119,1977,11044
36119,1978,12175
36119,1979,13616
36119,1980,15547
36119,1981,17644
36119,1982,19214
36119,1983,20449
36119,1984,22767
36119,1985,24408
36119,1986,26110
36119,1987,27560
36119,1988,30351
36119,1989,32369
36119,1990,34403
36119,1991,34399
36119,1992,36755
36119,1993,37306
36119,1994,38058
36119,1995,40800
36119,1996,43542
36119,1997,46664
36119,1998,50546
36119,1999,53762
36119,2000,57112
36119,2001,56684
36119,2002,55316
36119,2003,56504
36119,2004,61387
36119,2005,66134
36119,2006,73216
36119,2007,79308
36119,2008,80213
36119,2009,75153
36119,2010,76051
36119,2011,79996
36119,2012,87602
36119,2013,86452
36119,2014,90438
36119,2015,93819
36119,2016,96620
36119,2017,103808
36119,2018,109324
36119,2019,113477
36121,1969,3360
36121,1970,3534
36121,1971,3803
36121,1972,4226
36121,1973,4705
36121,1974,5041
36121,1975,5351
36121,1976,5592
36121,1977,5879
36121,1978,6325
36121,1979,7026
36121,1980,7738
36121,1981,8542
36121,1982,9322
36121,1983,9757
36121,1984,10777
36121,1985,11484
36121,1986,12184
36121,1987,12655
36121,1988,13210
36121,1989,14309
36121,1990,14554
36121,1991,14492
36121,1992,15644
36121,1993,15972
36121,1994,16767
36121,1995,17253
36121,1996,17921
36121,1997,18370
36121,1998,19060
36121,1999,19855
36121,2000,20731
36121,2001,21456
36121,2002,22413
36121,2003,23600
36121,2004,25185
36121,2005,26291
36121,2006,26817
36121,2007,28328
36121,2008,30012
36121,2009,29121
36121,2010,31234
36121,2011,33022
36121,2012,33969
36121,2013,35046
36121,2014,36990
36121,2015,36729
36121,2016,37265
36121,2017,39604
36121,2018,40115
36121,2019,43176
36123,1969,3293
36123,1970,3497
36123,1971,3767
36123,1972,3898
36123,1973,4502
36123,1974,5149
36123,1975,5467
36123,1976,5736
36123,1977,6057
36123,1978,6733
36123,1979,7401
36123,1980,8006
36123,1981,8988
36123,1982,9426
36123,1983,9907
36123,1984,10734
36123,1985,11381
36123,1986,11830
36123,1987,12349
36123,1988,13059
36123,1989,14000
36123,1990,14751
36123,1991,15267
36123,1992,15985
36123,1993,16194
36123,1994,16448
36123,1995,17092
36123,1996,17837
36123,1997,18900
36123,1998,19333
36123,1999,19905
36123,2000,21248
36123,2001,22471
36123,2002,22354
36123,2003,22675
36123,2004,25334
36123,2005,26146
36123,2006,27080
36123,2007,27619
36123,2008,28916
36123,2009,29549
36123,2010,31336
36123,2011,32677
36123,2012,33578
36123,2013,34154
36123,2014,35028
36123,2015,34915
36123,2016,36206
36123,2017,38359
36123,2018,38788
36123,2019,40877
