hh_id,gender,schooling,region,year,saving3000below,pension_saving,family_size,net_asset,public_pension,home_owner,age,age_sq,hh_expenditure,hh_income
136,Male,Bachelor's Degree,"Los Angeles, CA",2005,TRUE,2786.1948559047646,3,-83585.83,TRUE,TRUE,36,1296,5572.387630221508,10912.598211328448
163,Male,High School Diploma,"New York, NY",2005,TRUE,1671.7169532728687,4,267010.31,TRUE,TRUE,52,2704,4875.838165314441,13234.425419431698
163,Male,High School Diploma,"New York, NY",2006,TRUE,1635.0626374983042,4,384921.08999999997,FALSE,TRUE,53,2809,5041.4438590091595,12876.123707811095
171,Male,High School Diploma,"Los Angeles, CA",2005,TRUE,2089.646293327163,3,95194.971,TRUE,FALSE,39,1521,2089.6452631442376,3413.089254848462
171,Male,High School Diploma,"Los Angeles, CA",2006,TRUE,2043.8283963782792,3,22709.209000000003,FALSE,FALSE,40,1600,2180.083591995392,3351.8784533139337
203,Male,Bachelor's Degree,"Los Angeles, CA",2005,TRUE,1532.4065589427935,4,176458.98,TRUE,FALSE,39,1521,4597.222059741935,3366.6504590294994
203,Male,Bachelor's Degree,"Los Angeles, CA",2006,TRUE,4768.934544473572,4,499716.13,FALSE,FALSE,40,1600,5232.20304144671,8856.595370027515
229,Male,Bachelor's Degree,"Los Angeles, CA",2005,TRUE,2786.1948559047646,3,0.0024414063,TRUE,FALSE,39,1521,4597.222059741935,9556.647838051613
229,Male,Bachelor's Degree,"Los Angeles, CA",2006,TRUE,2725.1046035761487,3,425797.66000000003,FALSE,FALSE,40,1600,4986.9406273949235,9537.86457225224
248,Male,Bachelor's Degree,"Los Angeles, CA",2005,TRUE,2786.1948559047646,5,-35988.345,FALSE,TRUE,40,1600,4179.292697179938,5572.387630221508
252,Male,Bachelor's Degree,"New York, NY",2005,TRUE,1393.0975401802398,4,-13930.977,TRUE,TRUE,38,1444,3190.1933333236893,6965.4848768970005
252,Male,Bachelor's Degree,"New York, NY",2006,TRUE,1362.5522752999839,4,-17031.904,FALSE,TRUE,39,1521,4142.160538931267,8936.075592186342
266,Male,Bachelor's Degree,"Los Angeles, CA",2005,TRUE,1393.0975401802398,4,30648.137000000002,TRUE,FALSE,44,1936,3204.124291375578,3984.259690744715
266,Male,Bachelor's Degree,"Los Angeles, CA",2006,TRUE,1362.5522752999839,4,34063.813,FALSE,FALSE,45,2025,3133.8701832700763,3896.9002172725404
272,Male,Middle School,"Los Angeles, CA",2005,TRUE,417.9291384832469,4,40632.002,TRUE,FALSE,43,1849,2507.5744241154566,3064.814731344643
272,Male,Middle School,"Los Angeles, CA",2006,TRUE,681.2761244059466,4,37470.195,FALSE,FALSE,44,1936,2861.360814733778,3883.2740340211503
305,Male,Associate's Degree,"Los Angeles, CA",2005,TRUE,1393.0975401802398,4,110286.86,TRUE,FALSE,35,1225,4875.838165314441,7592.379303594988
305,Male,Associate's Degree,"Los Angeles, CA",2006,TRUE,4087.656872220828,4,-38605.654,FALSE,TRUE,36,1296,4768.93457788451,8220.734177012055
415,Male,Ph.D. Degree,"Los Angeles, CA",2005,TRUE,1393.0975401802398,7,32505.601000000002,TRUE,TRUE,39,1521,4179.292697179938,10448.227230629564
459,Male,Master's Degree,"New York, NY",2005,FALSE,4179.292667900005,4,221734.65,FALSE,TRUE,52,2704,6965.4848768970005,7836.174125185727
459,Male,Master's Degree,"New York, NY",2006,FALSE,5450.209313104665,4,227092.09,FALSE,TRUE,53,2809,7494.042121242251,10355.396875098926
471,Male,Associate's Degree,"Los Angeles, CA",2005,FALSE,4179.292667900005,3,23218.286,TRUE,TRUE,46,2116,1671.7169649848413,2437.9202542237635
478,Male,Master's Degree,"Los Angeles, CA",2005,FALSE,5572.389820137094,4,-11609.141,TRUE,FALSE,37,1369,3482.744112115419,7545.942646661926
478,Male,Master's Degree,"Los Angeles, CA",2006,FALSE,2725.1046035761487,4,0,FALSE,FALSE,38,1444,4223.91372405024,7630.2912863150195
533,Male,Bachelor's Degree,"Los Angeles, CA",2005,TRUE,1532.4065589427935,4,-10448.230000000001,TRUE,TRUE,50,2500,5572.387630221508,8079.964839834166
533,Male,Bachelor's Degree,"Los Angeles, CA",2006,TRUE,1498.807533099411,4,-34063.813,TRUE,TRUE,51,2601,5450.2120763939365,8311.571670577023
588,Male,Bachelor's Degree,"Los Angeles, CA",2005,FALSE,5572.389820137094,4,0,TRUE,TRUE,38,1444,2089.6452631442376,2437.9202542237635
647,Male,Bachelor's Degree,"Los Angeles, CA",2005,TRUE,1393.0975401802398,5,-63850.288,TRUE,TRUE,50,2500,6268.938994940324,7522.7271189556695
688,Male,Bachelor's Degree,"Los Angeles, CA",2005,FALSE,5572.389820137094,4,104482.29,TRUE,TRUE,44,1936,5015.150951785665,6965.4848768970005
701,Male,Bachelor's Degree,"Los Angeles, CA",2005,FALSE,3482.742346343866,4,-49919.312,TRUE,TRUE,35,1225,2786.1937609469933,5572.387630221508
701,Male,Bachelor's Degree,"Los Angeles, CA",2006,FALSE,1226.2970669711312,4,84251.16200000001,FALSE,TRUE,36,1296,2725.104622668107,5722.721168445439
712,Male,Associate's Degree,"Los Angeles, CA",2005,FALSE,4179.292667900005,5,90551.318,TRUE,FALSE,40,1600,6408.245503204307,6686.864776492294
712,Male,Master's Degree,"Los Angeles, CA",2006,FALSE,6131.485258616156,5,464403.32,FALSE,FALSE,41,1681,7494.042121242251,9537.86457225224
740,Male,Bachelor's Degree,"Los Angeles, CA",2005,FALSE,3482.742346343866,3,74995.063,TRUE,TRUE,48,2304,4597.222059741935,9055.130661717621
740,Male,Bachelor's Degree,"Los Angeles, CA",2006,FALSE,4087.656872220828,3,272510.55,FALSE,TRUE,49,2401,4632.6776219812,8175.318048304088
750,Male,Middle School,"Los Angeles, CA",2005,TRUE,1393.0975401802398,3,8126.4001,FALSE,TRUE,61,3721,1950.336108425355,4295.384701400908
777,Male,Elementary School,"Los Angeles, CA",2005,TRUE,1671.7169532728687,4,11202.825,TRUE,TRUE,48,2304,3900.670342344329,3413.089254848462
792,Male,Bachelor's Degree,"Los Angeles, CA",2005,TRUE,1393.0975401802398,4,52241.143000000004,TRUE,TRUE,48,2304,4179.292697179938,6965.4848768970005
822,Male,Bachelor's Degree,"Los Angeles, CA",2005,TRUE,2507.575409577469,4,-17413.715,TRUE,FALSE,47,2209,4736.531520017589,5572.387630221508
825,Male,High School Diploma,"Los Angeles, CA",2005,TRUE,1393.0975401802398,3,-150918.87,TRUE,TRUE,57,3249,2368.264529837018,1950.336108425355
870,Male,Master's Degree,"Los Angeles, CA",2005,TRUE,2786.1948559047646,4,58045.71799999999,TRUE,TRUE,43,1849,6268.938994940324,6965.4848768970005
870,Male,Master's Degree,"Los Angeles, CA",2006,TRUE,6812.76129178936,4,23844.670000000002,FALSE,TRUE,44,1936,6676.510167489228,7948.220928287748
875,Male,Bachelor's Degree,"New York, NY",2005,TRUE,975.1680284233744,4,-1625.2808,TRUE,TRUE,39,1521,5572.387630221508,8114.792421371304
917,Male,Ph.D. Degree,"New York, NY",2005,FALSE,5572.389820137094,4,69654.85800000001,TRUE,TRUE,41,1681,7940.651470049825,8126.400812258261
917,Male,Ph.D. Degree,"New York, NY",2006,FALSE,5450.209313104665,4,-22709.209000000003,TRUE,TRUE,42,1764,6676.510167489228,9314.184199748208
923,Male,High School Diploma,"Los Angeles, CA",2005,TRUE,1393.0975401802398,4,-11609.143,TRUE,FALSE,38,1444,1671.7169649848413,1811.026154862004
953,Male,Bachelor's Degree,"Jacksonville, FL",2005,TRUE,1393.0975401802398,1,38890.635,TRUE,TRUE,32,1024,1671.7169649848413,6268.938994940324
977,Male,Bachelor's Degree,"New York, NY",2005,TRUE,1393.0975401802398,4,12770.056999999999,TRUE,TRUE,34,1156,3343.43399496622,4504.345605991885
977,Male,Bachelor's Degree,"New York, NY",2006,TRUE,1362.5522752999839,4,-34063.813,FALSE,TRUE,35,1225,3815.147476564133,5563.753225139539
983,Male,Bachelor's Degree,"Los Angeles, CA",2005,FALSE,6965.484131548688,4,139309.73,TRUE,TRUE,53,2809,7940.651470049825,10587.54087883663
983,Male,Bachelor's Degree,"Los Angeles, CA",2006,FALSE,8856.59087968207,4,170319.06,FALSE,TRUE,54,2916,7916.4329638250365,14185.311403276804
989,Male,Bachelor's Degree,"Los Angeles, CA",2005,TRUE,2786.1948559047646,4,-60367.543999999994,TRUE,TRUE,34,1156,3482.744112115419,8103.184406439048
991,Male,Bachelor's Degree,"Los Angeles, CA",2005,TRUE,1393.0975401802398,3,204320.92,TRUE,TRUE,47,2209,2716.539210266859,6210.88887030837
991,Male,Bachelor's Degree,"Los Angeles, CA",2006,TRUE,1362.5522752999839,3,-397411.13,FALSE,TRUE,48,2304,3201.998099432136,6422.163925893302
995,Male,Associate's Degree,"Los Angeles, CA",2005,TRUE,1393.0975401802398,4,-23218.286,TRUE,TRUE,38,1444,2716.539210266859,6837.786177720699
1009,Female,High School Diploma,"New York, NY",2005,TRUE,2786.1948559047646,3,-58045.71799999999,TRUE,FALSE,50,2500,2228.9560147168886,6454.6824006363395
1035,Male,Bachelor's Degree,"Los Angeles, CA",2005,TRUE,1393.0975401802398,6,0,TRUE,TRUE,58,3364,5015.150951785665,8428.237041473241
1072,Male,Ph.D. Degree,"New York, NY",2005,TRUE,2786.1948559047646,4,593459.41,TRUE,FALSE,47,2209,5572.387630221508,8590.76527442313
1072,Male,Ph.D. Degree,"New York, NY",2006,TRUE,2725.1046035761487,4,681276.25,TRUE,FALSE,48,2304,4360.1694488368485,7380.489180364302
1094,Male,High School Diploma,"New York, NY",2005,FALSE,4875.840569074219,4,257722.96999999997,TRUE,FALSE,37,1369,3204.124291375578,5282.158500106975
1094,Male,High School Diploma,"New York, NY",2006,FALSE,4768.934544473572,4,237311.22999999998,FALSE,FALSE,38,1444,4700.80570687076,6063.358297073584
1127,Male,Middle School,"Los Angeles, CA",2005,TRUE,1253.7878057938074,4,8706.8573,TRUE,TRUE,51,2601,5474.873777056276,6094.798003373102
1135,Male,Master's Degree,"Los Angeles, CA",2005,TRUE,2507.575409577469,4,1172523.5,TRUE,FALSE,49,2401,8358.5813775595,12175.6714947161
1142,Male,Bachelor's Degree,"Los Angeles, CA",2005,FALSE,5572.389820137094,5,315536.54,FALSE,FALSE,61,3721,2925.5044314679926,4390.579930657956
1221,Male,Associate's Degree,"Los Angeles, CA",2005,TRUE,2786.1948559047646,4,-5804.5715,TRUE,FALSE,57,3249,2368.264529837018,2944.0786651761996
1221,Male,Associate's Degree,"Los Angeles, CA",2006,TRUE,2725.1046035761487,4,-34063.813,FALSE,TRUE,58,3364,3270.125688490926,4414.671920127421
1231,Male,Bachelor's Degree,"Los Angeles, CA",2005,FALSE,4179.292667900005,5,-17413.711,TRUE,TRUE,36,1296,3482.744112115419,4527.567506625874
1231,Male,Bachelor's Degree,"Los Angeles, CA",2006,FALSE,4087.656872220828,5,30884.521,FALSE,TRUE,37,1369,3815.147476564133,5904.3916472706305
1300,Male,Bachelor's Degree,"Los Angeles, CA",2005,FALSE,4457.909855908418,4,610641.02,TRUE,TRUE,58,3364,10866.157263544817,17297.6269403669
1300,Male,Bachelor's Degree,"Los Angeles, CA",2006,FALSE,2725.1046035761487,4,103667.54000000001,FALSE,TRUE,59,3481,9973.885438236019,18349.03566893186
1307,Male,Associate's Degree,"Los Angeles, CA",2005,FALSE,4179.292667900005,6,-29022.856,FALSE,FALSE,45,2025,2786.1937609469933,4214.120545873674
1309,Male,Associate's Degree,"New York, NY",2005,TRUE,2089.646293327163,5,13930.972,TRUE,TRUE,40,1600,3468.812169247219,4179.292697179938
1309,Male,Associate's Degree,"New York, NY",2006,TRUE,2043.8283963782792,5,17031.907,FALSE,TRUE,41,1681,3161.122294452069,4882.478210667669
1368,Male,High School Diploma,"Chicago, IL",2005,TRUE,2089.646293327163,4,41560.731999999996,TRUE,TRUE,54,2916,3900.670342344329,3981.934756961162
1368,Male,High School Diploma,"Chicago, IL",2006,TRUE,4087.656872220828,4,25547.860999999997,FALSE,TRUE,55,3025,4087.6569008587653,6477.801130193446
1372,Female,Elementary School,"Chicago, IL",2005,TRUE,835.8584603872998,3,3482.7429,FALSE,TRUE,67,4489,696.5484131548689,406.3200298673696
1418,Male,High School Diploma,"Chicago, IL",2005,TRUE,1393.0975401802398,4,11609.146,TRUE,TRUE,54,2916,4457.909887140334,5572.387630221508
1435,Male,High School Diploma,"Chicago, IL",2005,TRUE,2786.1948559047646,5,-11609.143,TRUE,TRUE,57,3249,3482.744112115419,4597.222059741935
1496,Male,Middle School,"Chicago, IL",2005,TRUE,2089.646293327163,4,-237987.44,TRUE,TRUE,53,2809,2925.5044314679926,4492.736677164397
1544,Male,High School Diploma,"Chicago, IL",2005,TRUE,1393.0975401802398,4,23218.286,TRUE,TRUE,51,2601,2786.1937609469933,4736.531520017589
1617,Male,Ph.D. Degree,"Chicago, IL",2005,FALSE,3482.742346343866,2,23218.286,TRUE,TRUE,44,1936,4736.531520017589,8219.275948117778
1617,Male,Ph.D. Degree,"Chicago, IL",2006,FALSE,2043.8283963782792,2,45418.418000000005,FALSE,TRUE,45,2025,5586.466749321386,9651.416778679277
1672,Male,High School Diploma,"Chicago, IL",2005,FALSE,5711.699493728101,4,-17413.711,TRUE,TRUE,53,2809,4875.838165314441,7662.03351932664
1672,Male,High School Diploma,"Chicago, IL",2006,FALSE,2725.1046035761487,4,-31225.165999999997,TRUE,TRUE,54,2916,4087.6569008587653,6812.7647459007785
1740,Male,High School Diploma,"Chicago, IL",2005,TRUE,2786.1948559047646,4,0,TRUE,TRUE,47,2209,2786.1937609469933,4295.384701400908
1769,Male,Bachelor's Degree,"Chicago, IL",2005,FALSE,6965.484131548688,5,208964.56999999998,TRUE,TRUE,48,2304,6408.245503204307,11376.964133612177
1813,Male,Middle School,"Chicago, IL",2005,TRUE,1532.4065589427935,4,-9867.7716,TRUE,TRUE,57,3249,2786.1937609469933,3120.539242487377
1813,Male,Middle School,"Chicago, IL",2006,TRUE,1498.807533099411,3,-8970.1373,FALSE,TRUE,58,3364,2725.104622668107,3052.117832656533
1840,Male,Bachelor's Degree,"Chicago, IL",2005,FALSE,4179.292667900005,4,-11609.143,TRUE,TRUE,42,1764,4625.080244693443,8358.5813775595
1840,Male,Bachelor's Degree,"Chicago, IL",2006,FALSE,4087.656872220828,4,-37243.101,TRUE,TRUE,43,1849,3815.147476564133,8515.95634698203
1993,Male,Associate's Degree,"New York, NY",2005,TRUE,1393.0975401802398,3,59206.630999999994,TRUE,FALSE,35,1225,1978.1977857906238,3831.018600696968
2011,Male,Bachelor's Degree,"Jacksonville, FL",2005,FALSE,6965.484131548688,3,81264.004,TRUE,TRUE,35,1225,2507.5744241154566,14488.21587913598
2011,Male,Bachelor's Degree,"Jacksonville, FL",2006,FALSE,6812.76129178936,3,79482.231,FALSE,TRUE,36,1296,4087.6569008587653,12887.475148732745
2101,Male,High School Diploma,"Jacksonville, FL",2005,TRUE,696.5487565491742,2,3482.7429,FALSE,FALSE,31,961,2786.1937609469933,4039.9803213889354
2101,Male,High School Diploma,"Jacksonville, FL",2006,TRUE,1362.5522752999839,3,-12944.249,FALSE,FALSE,32,1024,2725.104622668107,5681.843392521142
2248,Male,Associate's Degree,"Phoenix, AZ",2005,TRUE,1393.0975401802398,4,5920.6628,TRUE,TRUE,37,1369,2660.8151441495006,4875.838165314441
2281,Male,Bachelor's Degree,"New York, NY",2005,TRUE,1114.4774206460997,3,-31344.688000000002,TRUE,TRUE,43,1849,3064.814731344643,4179.292697179938
2281,Male,Bachelor's Degree,"New York, NY",2006,TRUE,1090.0417671704408,3,-39741.116,TRUE,TRUE,44,1936,3147.495386024894,5450.2120763939365
2287,Male,Associate's Degree,"Phoenix, AZ",2005,TRUE,1393.0975401802398,4,114466.15,TRUE,TRUE,37,1369,2535.437284587115,4179.292697179938
2329,Male,High School Diploma,"Phoenix, AZ",2005,TRUE,2089.646293327163,4,37381.443,TRUE,FALSE,38,1444,2925.5044314679926,4039.9803213889354
2363,Male,Elementary School,"Phoenix, AZ",2005,TRUE,1671.7169532728687,4,-49919.312,TRUE,TRUE,49,2401,3761.3616056754463,3482.744112115419
2397,Male,High School Diploma,"Charlotte, NC",2005,TRUE,1114.4774206460997,4,-89390.40000000001,TRUE,TRUE,42,1764,2925.5044314679926,3018.3783622240935
2470,Male,High School Diploma,"Nashville, TN",2005,TRUE,2786.1948559047646,4,100999.55,TRUE,TRUE,49,2401,4179.292697179938,5154.461348938839
2470,Male,High School Diploma,"Nashville, TN",2006,TRUE,3406.3809203125293,4,59043.94500000001,TRUE,TRUE,50,2500,5177.700925744532,5109.571374836972
2511,Male,Master's Degree,"Nashville, TN",2005,TRUE,1950.3360947613896,5,-16833.257,TRUE,FALSE,43,1849,6185.353885971281,5108.021876832231
2512,Male,High School Diploma,"Nashville, TN",2005,TRUE,1671.7169532728687,5,146588.65,TRUE,FALSE,40,1600,3301.6406811184984,4991.932059096414
2512,Male,High School Diploma,"Nashville, TN",2006,TRUE,1498.807533099411,5,100102.18999999999,FALSE,FALSE,41,1681,2452.59419880359,4768.93457788451
2514,Male,Bachelor's Degree,"Nashville, TN",2005,TRUE,2786.1948559047646,5,380036.91,FALSE,TRUE,40,1600,3482.744112115419,10448.227230629564
2514,Male,Bachelor's Degree,"Nashville, TN",2006,TRUE,2316.339907902349,5,634495.27,FALSE,TRUE,41,1681,4768.93457788451,11241.063090718997
2553,Male,Bachelor's Degree,"Nashville, TN",2005,TRUE,1950.3360947613896,4,112840.88,TRUE,TRUE,39,1521,2228.9560147168886,5572.387630221508
2553,Male,Bachelor's Degree,"Nashville, TN",2006,TRUE,1362.5522752999839,4,90836.83600000001,FALSE,TRUE,40,1600,2997.6151454737815,6790.056217679613
2606,Male,Bachelor's Degree,"Los Angeles, CA",2005,TRUE,835.8584603872998,4,8706.857899999999,TRUE,FALSE,35,1225,3482.744112115419,4686.6114735405145
2713,Male,Master's Degree,"Oklahoma City, OK",2005,TRUE,2786.1948559047646,5,-23218.290999999997,TRUE,TRUE,50,2500,7871.001588820939,10448.227230629564
2720,Male,Bachelor's Degree,"Seattle, WA",2005,FALSE,6408.24866243196,4,58045.71799999999,TRUE,TRUE,41,1681,5015.150951785665,8776.50900560286
2720,Male,Bachelor's Degree,"Seattle, WA",2006,FALSE,7085.273067320835,4,11354.604,FALSE,TRUE,42,1764,4768.93457788451,8515.95634698203
2745,Male,Bachelor's Degree,"New York, NY",2005,FALSE,3482.742346343866,4,-141051.08000000002,TRUE,TRUE,44,1936,4165.362143330192,7836.174125185727
2747,Male,Bachelor's Degree,"Jacksonville, FL",2005,FALSE,3622.0523547609682,4,11609.143,TRUE,TRUE,40,1600,6686.864776492294,9055.130661717621
2747,Male,Bachelor's Degree,"Jacksonville, FL",2006,FALSE,7766.547387957562,4,113546.04,FALSE,TRUE,41,1681,5450.2120763939365,10764.161333690134
2758,Male,Associate's Degree,"Oklahoma City, OK",2005,TRUE,2089.646293327163,4,92873.145,TRUE,TRUE,42,1764,2786.1937609469933,3482.744112115419
2765,Male,High School Diploma,"Oklahoma City, OK",2005,TRUE,1671.7169532728687,5,3482.7429,TRUE,TRUE,41,1681,4875.838165314441,2688.6777258067
2765,Male,High School Diploma,"Oklahoma City, OK",2006,TRUE,1635.0626374983042,5,223685.7,FALSE,TRUE,42,1764,3801.520510408061,2765.9817106469372
2792,Male,Bachelor's Degree,"Chicago, IL",2005,FALSE,4179.292667900005,5,17413.715,TRUE,TRUE,43,1849,6547.555808627567,8497.889351026273
2794,Male,High School Diploma,"Washington, DC",2005,FALSE,4179.292667900005,4,417929.18,TRUE,TRUE,43,1849,4527.567506625874,11841.323686081207
2794,Male,High School Diploma,"Washington, DC",2006,FALSE,4087.656872220828,4,283865.12,FALSE,TRUE,44,1936,5450.2120763939365,10082.892955475416
2798,Male,High School Diploma,"Washington, DC",2005,FALSE,4179.292667900005,4,5804.5715,FALSE,TRUE,50,2500,2646.8851167979756,6199.284740855156
2813,Male,High School Diploma,"Washington, DC",2005,TRUE,1393.0975401802398,4,19735.543,TRUE,FALSE,43,1849,5154.461348938839,6268.938994940324
2813,Male,High School Diploma,"Washington, DC",2006,TRUE,4087.656872220828,3,5677.3022,FALSE,FALSE,44,1936,3815.147476564133,4905.188492964309
2836,Male,High School Diploma,"Washington, DC",2005,TRUE,2786.1948559047646,4,-17413.715,FALSE,TRUE,43,1849,2228.9560147168886,2786.1937609469933
2850,Male,Associate's Degree,"Washington, DC",2005,FALSE,5572.389820137094,4,52241.147,TRUE,TRUE,49,2401,6268.938994940324,12955.805916800662
2852,Male,Associate's Degree,"Washington, DC",2005,FALSE,6965.484131548688,4,-4643.6584,TRUE,TRUE,45,2025,4179.292697179938,9612.368176867789
2867,Male,High School Diploma,"Washington, DC",2005,TRUE,1393.0975401802398,4,-9287.315700000001,TRUE,TRUE,39,1521,3482.744112115419,6733.303742275706
2871,Male,Associate's Degree,"Columbus, OH",2005,TRUE,2089.646293327163,4,66172.114,TRUE,FALSE,41,1681,3064.814731344643,6193.475634854508
2871,Male,Associate's Degree,"Columbus, OH",2006,TRUE,2043.8283963782792,4,0,FALSE,FALSE,42,1764,3406.3809441774815,7489.497613779975
2874,Male,High School Diploma,"Washington, DC",2005,TRUE,2368.265697377617,4,92873.145,TRUE,TRUE,42,1764,2786.1937609469933,3482.744112115419
2875,Male,High School Diploma,"Washington, DC",2005,FALSE,3482.742346343866,4,104482.29,TRUE,TRUE,45,2025,3482.744112115419,4179.292697179938
2875,Male,High School Diploma,"Washington, DC",2006,FALSE,3542.6364647913692,4,113546.04,FALSE,TRUE,46,2116,3678.8931078224255,4768.93457788451
2880,Male,High School Diploma,"Washington, DC",2005,TRUE,2089.646293327163,4,9287.3145,TRUE,TRUE,41,1681,2368.264529837018,2786.1937609469933
2880,Male,High School Diploma,"Washington, DC",2006,TRUE,1635.0626374983042,4,-22709.209000000003,FALSE,TRUE,42,1764,2452.59419880359,3406.3809441774815
2881,Male,High School Diploma,"Washington, DC",2005,TRUE,2786.1948559047646,4,81264.004,TRUE,FALSE,44,1936,2786.1937609469933,5154.461348938839
2881,Male,High School Diploma,"Washington, DC",2006,TRUE,4087.656872220828,4,124900.64,FALSE,FALSE,45,2025,4632.6776219812,6472.126472281249
2882,Male,High School Diploma,"Washington, DC",2005,TRUE,2089.646293327163,4,34827.429000000004,TRUE,TRUE,47,2209,2786.1937609469933,4179.292697179938
2900,Male,Associate's Degree,"New York, NY",2005,FALSE,3482.742346343866,4,127700.58000000002,TRUE,TRUE,45,2025,5015.150951785665,5456.296817074311
2921,Male,Bachelor's Degree,"New York, NY",2005,TRUE,1393.0975401802398,5,17413.715,TRUE,TRUE,37,1369,4457.909887140334,6222.5035204317255
2921,Male,Bachelor's Degree,"New York, NY",2006,TRUE,1362.5522752999839,5,11.354603999999998,FALSE,TRUE,38,1444,5177.700925744532,5904.3916472706305
2922,Male,Bachelor's Degree,"New York, NY",2005,TRUE,2786.1948559047646,5,191550.86,TRUE,TRUE,39,1521,4875.838165314441,7801.344737018549
2922,Male,Bachelor's Degree,"New York, NY",2006,TRUE,2725.1046035761487,5,37470.195,FALSE,TRUE,40,1600,5450.2120763939365,8061.76907798237
2970,Male,Bachelor's Degree,"New York, NY",2005,TRUE,2786.1948559047646,1,0,TRUE,TRUE,45,2025,3622.0541911635464,5549.1702996147815
2970,Male,Bachelor's Degree,"New York, NY",2006,TRUE,2725.1046035761487,4,-35199.272,FALSE,TRUE,46,2116,4223.91372405024,6358.576433057871
2997,Male,High School Diploma,"New York, NY",2005,TRUE,1393.0975401802398,3,190389.96,FALSE,FALSE,36,1296,4179.292697179938,5862.617762659304
2997,Male,High School Diploma,"New York, NY",2006,TRUE,1362.5522752999839,3,183944.61,FALSE,FALSE,37,1369,3542.636489610918,6585.668976620637
3017,Male,Elementary School,"New York, NY",2005,TRUE,696.5487565491742,4,150918.85,FALSE,TRUE,64,4096,2507.5744241154566,5658.293930202064
3098,Male,Bachelor's Degree,"New York, NY",2005,TRUE,1393.0975401802398,4,5804.5715,TRUE,TRUE,43,1849,3900.670342344329,6686.864776492294
3102,Male,Master's Degree,"New York, NY",2005,FALSE,6965.484131548688,4,-34827.432,TRUE,TRUE,43,1849,3482.744112115419,7197.669701155195
3102,Male,Master's Degree,"New York, NY",2006,FALSE,6812.76129178936,4,-90836.83600000001,TRUE,TRUE,44,1936,6540.254120225821,5450.2120763939365
3104,Male,Bachelor's Degree,"New York, NY",2005,TRUE,557.2386994902988,4,24959.658,TRUE,TRUE,39,1521,4039.9803213889354,5340.204889294932
3130,Male,Middle School,"Los Angeles, CA",2005,TRUE,2786.1948559047646,3,-5804.5715,TRUE,TRUE,53,2809,4736.531520017589,4625.080244693443
3139,Male,High School Diploma,"New York, NY",2005,TRUE,2089.646293327163,1,39471.089,TRUE,TRUE,43,1849,2228.9560147168886,5375.035727765979
3143,Female,Master's Degree,"New York, NY",2005,TRUE,2786.1948559047646,4,528216.02,TRUE,TRUE,41,1681,6686.864776492294,8764.907114672655
3143,Female,Master's Degree,"New York, NY",2006,TRUE,1362.5522752999839,4,-227092.06999999998,TRUE,TRUE,42,1764,8352.445924161362,9685.47771626037
3166,Male,Associate's Degree,"New York, NY",2005,TRUE,1114.4774206460997,4,11609.143,TRUE,FALSE,39,1521,2827.98719762642,4179.292697179938
3168,Male,Bachelor's Degree,"New York, NY",2005,TRUE,696.5487565491742,3,29022.856,TRUE,TRUE,37,1369,2995.1578090615,5073.194109037699
3168,Male,Bachelor's Degree,"New York, NY",2006,TRUE,681.2761244059466,3,3406.3817999999997,FALSE,TRUE,38,1444,3406.3809441774815,4314.750585030463
3171,Male,High School Diploma,"New York, NY",2005,TRUE,2786.1948559047646,4,-9287.3145,TRUE,TRUE,47,2209,4597.222059741935,7081.574153221742
3171,Male,High School Diploma,"New York, NY",2006,TRUE,3406.3809203125293,4,0,FALSE,TRUE,48,2304,6812.7647459007785,6812.7647459007785
3285,Male,Associate's Degree,"New York, NY",2005,TRUE,2786.1948559047646,4,116091.44,TRUE,TRUE,35,1225,5433.081242693007,6385.0276569004
3285,Male,Associate's Degree,"New York, NY",2006,TRUE,2725.1046035761487,4,456455.08,FALSE,TRUE,36,1296,5354.830876338422,7948.220928287748
3415,Male,Associate's Degree,"New York, NY",2005,TRUE,1393.0975401802398,5,-27861.943,TRUE,TRUE,38,1444,3761.3616056754463,5433.081242693007
3415,Male,Associate's Degree,"New York, NY",2006,TRUE,1362.5522752999839,5,-85159.531,FALSE,TRUE,39,1521,3678.8931078224255,5291.244222830508
3430,Male,Bachelor's Degree,"Los Angeles, CA",2005,TRUE,2786.1948559047646,4,121896.01000000001,TRUE,TRUE,47,2209,5572.387630221508,7662.03351932664
3471,Male,Bachelor's Degree,"Philadelphia, PA",2005,TRUE,2228.9548846232046,4,298355,TRUE,FALSE,42,1764,2786.1937609469933,7081.574153221742
3471,Male,Bachelor's Degree,"Philadelphia, PA",2006,TRUE,2180.083576721824,4,94742.822,FALSE,FALSE,43,1849,4087.6569008587653,6349.49270678379
3492,Female,Associate's Degree,"New York, NY",2005,TRUE,1393.0975401802398,1,-14221.201000000001,TRUE,FALSE,32,1024,1671.7169649848413,3134.4681827483755
3500,Male,Associate's Degree,"New York, NY",2005,TRUE,2786.1948559047646,4,49919.316,TRUE,TRUE,43,1849,4875.838165314441,3204.124291375578
3513,Male,Bachelor's Degree,"New York, NY",2005,FALSE,4179.292667900005,3,63850.293000000005,TRUE,TRUE,55,3025,4179.292697179938,7662.03351932664
3513,Male,Bachelor's Degree,"New York, NY",2006,FALSE,4087.656872220828,3,0,FALSE,TRUE,56,3136,7630.2912863150195,8061.76907798237
3514,Male,Bachelor's Degree,"New York, NY",2005,FALSE,5572.389820137094,5,452756.56000000006,TRUE,TRUE,45,2025,7662.03351932664,9055.130661717621
3514,Male,Bachelor's Degree,"New York, NY",2006,FALSE,4087.656872220828,5,545021.02,FALSE,TRUE,46,2116,8856.595370027515,15669.352288451235
3530,Male,Bachelor's Degree,"New York, NY",2005,TRUE,2089.646293327163,4,139309.71,TRUE,TRUE,51,2601,5851.006051176156,16252.793814072935
3535,Male,Associate's Degree,"New York, NY",2005,TRUE,1393.0975401802398,5,41792.920000000006,TRUE,TRUE,41,1681,3761.3616056754463,2786.1937609469933
3535,Male,Associate's Degree,"New York, NY",2006,TRUE,2725.1046035761487,5,-6812.7631,FALSE,TRUE,42,1764,1907.5737011987283,2725.104622668107
3538,Male,Associate's Degree,"New York, NY",2005,TRUE,1393.0975401802398,4,25540.115,TRUE,TRUE,42,1764,3928.5355428093117,5321.633052567652
3563,Male,Middle School,"New York, NY",2005,TRUE,2786.1948559047646,4,116091.43,TRUE,TRUE,48,2304,2228.9560147168886,6292.155010500366
3564,Male,Associate's Degree,"New York, NY",2005,TRUE,2089.646293327163,5,0,TRUE,TRUE,44,1936,2368.264529837018,4179.292697179938
3564,Male,Associate's Degree,"New York, NY",2006,TRUE,2043.8283963782792,5,136300.66,FALSE,TRUE,45,2025,2861.360814733778,2997.6151454737815
3593,Male,Bachelor's Degree,"New York, NY",2005,FALSE,6965.484131548688,4,-127700.58000000002,TRUE,TRUE,50,2500,6199.284740855156,8822.950351159057
3608,Male,High School Diploma,"New York, NY",2005,TRUE,1393.0975401802398,4,2902.2864,FALSE,TRUE,43,1849,3343.43399496622,3250.558803232362
3608,Male,High School Diploma,"New York, NY",2006,TRUE,1771.318197961161,4,-6812.7625,FALSE,TRUE,44,1936,3815.147476564133,4087.6569008587653
3612,Male,Master's Degree,"New York, NY",2005,FALSE,6965.484131548688,3,58045.71799999999,TRUE,TRUE,47,2209,6129.626517035604,8358.5813775595
3612,Male,Master's Degree,"New York, NY",2006,FALSE,1362.5522752999839,3,449642.38,FALSE,TRUE,48,2304,4496.422681752933,8175.318048304088
3675,Male,Bachelor's Degree,"New York, NY",2005,TRUE,696.5487565491742,4,33666.514,TRUE,TRUE,37,1369,2786.1937609469933,6965.4848768970005
3676,Male,High School Diploma,"New York, NY",2005,TRUE,2089.646293327163,4,27861.945999999996,TRUE,TRUE,44,1936,4039.9803213889354,7081.574153221742
3676,Male,High School Diploma,"New York, NY",2006,TRUE,1362.5522752999839,4,90836.83600000001,FALSE,TRUE,45,2025,4087.6569008587653,8039.058875215117
3753,Male,High School Diploma,"Denver, CO",2005,TRUE,1950.3360947613896,4,139193.63,TRUE,TRUE,44,1936,2228.9560147168886,4156.07292921722
3753,Male,High School Diploma,"Denver, CO",2006,TRUE,1907.5736878343541,4,130260.02,FALSE,TRUE,45,2025,3706.141917148507,4223.91372405024
3860,Male,High School Diploma,"Denver, CO",2005,FALSE,6965.484131548688,4,37509.146,TRUE,TRUE,41,1681,2786.1937609469933,4248.9467173862495
3890,Male,High School Diploma,"Seattle, WA",2005,TRUE,1393.0975401802398,4,11028.687,TRUE,TRUE,33,1089,2786.1937609469933,3064.814731344643
3897,Male,Bachelor's Degree,"Seattle, WA",2005,TRUE,2786.1948559047646,2,52241.143000000004,TRUE,FALSE,42,1764,2089.6452631442376,4109.635839348866
3945,Male,Middle School,"Seattle, WA",2005,TRUE,835.8584603872998,4,-6152.845499999999,TRUE,TRUE,45,2025,2925.5044314679926,2786.1937609469933
3945,Male,Middle School,"Seattle, WA",2006,TRUE,817.5313846094331,4,5109.572099999999,FALSE,TRUE,46,2116,2725.104622668107,4564.549032098914
3966,Male,High School Diploma,"Seattle, WA",2005,TRUE,1393.0975401802398,2,17413.715,TRUE,FALSE,41,1681,2089.6452631442376,3413.089254848462
3966,Male,High School Diploma,"Seattle, WA",2006,TRUE,1362.5522752999839,2,-9083.6835,FALSE,TRUE,42,1764,1907.5737011987283,3406.3809441774815
3969,Male,High School Diploma,"Seattle, WA",2005,TRUE,1393.0975401802398,5,15091.885999999999,TRUE,TRUE,55,3025,6463.97155716376,9686.669103288255
3977,Male,High School Diploma,"Seattle, WA",2005,TRUE,2089.646293327163,4,-33086.057,TRUE,TRUE,50,2500,5851.006051176156,6361.809319027157
4010,Male,High School Diploma,"Columbus, OH",2005,TRUE,1671.7169532728687,3,28442.402000000002,TRUE,TRUE,54,2916,2786.1937609469933,3691.7072521677974
4010,Male,High School Diploma,"Columbus, OH",2006,TRUE,1635.0626374983042,3,130350.85999999999,FALSE,TRUE,55,3025,2629.7266910002277,3224.7061216243173
4011,Male,Bachelor's Degree,"Columbus, OH",2005,TRUE,1811.0261421740374,4,66172.119,TRUE,TRUE,41,1681,3482.744112115419,6756.519029856737
4011,Male,Bachelor's Degree,"Columbus, OH",2006,TRUE,1771.318197961161,4,49676.39600000001,FALSE,TRUE,42,1764,4496.422681752933,7159.080285798893
4013,Male,High School Diploma,"Charlotte, NC",2005,TRUE,2786.1948559047646,3,34827.429000000004,TRUE,FALSE,35,1225,3204.124291375578,3761.3616056754463
4013,Male,High School Diploma,"Charlotte, NC",2006,TRUE,3542.6364647913692,3,13625.525,FALSE,FALSE,36,1296,3052.117832656533,4087.6569008587653
4058,Male,Middle School,"Columbus, OH",2005,FALSE,4039.9823130756713,4,21476.914,TRUE,TRUE,53,2809,3204.124291375578,4114.279061208341
4058,Male,Middle School,"Columbus, OH",2006,FALSE,3951.4030327589103,4,6812.761799999999,FALSE,TRUE,54,2916,2316.338765960849,4008.174180383751
4062,Male,Bachelor's Degree,"Columbus, OH",2005,FALSE,3482.742346343866,3,80567.456,TRUE,TRUE,43,1849,3482.744112115419,5398.24996785374
4062,Male,Bachelor's Degree,"Columbus, OH",2006,FALSE,2043.8283963782792,3,23731.123,TRUE,TRUE,44,1936,3406.3809441774815,5955.492011768403
4093,Male,High School Diploma,"Columbus, OH",2005,TRUE,1671.7169532728687,4,37729.714,TRUE,FALSE,42,1764,3204.124291375578,4259.393677890592
4093,Male,High School Diploma,"Columbus, OH",2006,TRUE,2043.8283963782792,4,93334.844,TRUE,FALSE,43,1849,3896.9002172725404,5729.531249543095
4157,Male,High School Diploma,"Charlotte, NC",2005,TRUE,696.5487565491742,4,1160.9143,TRUE,TRUE,51,2601,3482.744112115419,3482.744112115419
4157,Male,High School Diploma,"Charlotte, NC",2006,TRUE,681.2761244059466,4,-7039.8547,TRUE,TRUE,52,2704,3569.887279837512,3474.509858023886
4209,Male,Bachelor's Degree,"Charlotte, NC",2005,FALSE,5572.389820137094,5,58045.71799999999,TRUE,TRUE,49,2401,10852.228178951078,12073.513918315914
4209,Male,Bachelor's Degree,"Charlotte, NC",2006,FALSE,8175.313903370206,5,277052.34,TRUE,TRUE,50,2500,9156.349939187685,12465.087305693545
4233,Female,Bachelor's Degree,"Charlotte, NC",2005,TRUE,2786.1948559047646,2,93105.332,TRUE,TRUE,53,2809,3538.466428584454,6385.0276569004
4233,Female,Bachelor's Degree,"Charlotte, NC",2006,TRUE,3406.3809203125293,2,148745.30000000002,TRUE,TRUE,54,2916,4796.186490582757,6245.034831211946
4234,Male,Bachelor's Degree,"Charlotte, NC",2005,TRUE,3064.8131774657204,4,-53053.784,TRUE,TRUE,41,1681,4597.222059741935,7487.898027931519
4235,Male,Master's Degree,"Charlotte, NC",2005,TRUE,1532.4065589427935,4,46436.572,TRUE,TRUE,49,2401,5711.696677894951,7522.7271189556695
4235,Male,Master's Degree,"Charlotte, NC",2006,TRUE,19075.737011987283,4,101964.34999999999,FALSE,TRUE,50,2500,3815.147476564133,6812.7647459007785
4237,Male,Master's Degree,"Charlotte, NC",2005,FALSE,6965.484131548688,5,506158.63,TRUE,TRUE,60,3600,8985.477123197032,12862.929870102667
4237,Male,Master's Degree,"Charlotte, NC",2006,FALSE,7494.03832171924,5,384921.08999999997,TRUE,TRUE,61,3721,6472.126472281249,12490.063660198137
4245,Male,Elementary School,"Charlotte, NC",2005,TRUE,975.1680284233744,3,8590.7654,TRUE,TRUE,56,3136,2187.162892345889,4469.518662311484
4259,Male,Bachelor's Degree,"Charlotte, NC",2005,TRUE,2786.1948559047646,4,11841.326,TRUE,TRUE,41,1681,5851.006051176156,6408.245503204307
4259,Male,Bachelor's Degree,"Charlotte, NC",2006,TRUE,10219.142876739794,4,5677.3022,FALSE,TRUE,42,1764,5327.579039521368,8629.497886019066
4325,Male,Bachelor's Degree,"Indianapolis, IN",2005,TRUE,2786.1948559047646,4,145114.3,TRUE,TRUE,44,1936,5154.461348938839,5804.57047995496
4334,Female,Elementary School,"Indianapolis, IN",2005,TRUE,278.61942791459006,2,-12073.508,FALSE,TRUE,52,2704,2507.5744241154566,1035.5357452116398
4354,Female,Elementary School,"Indianapolis, IN",2005,TRUE,2786.1948559047646,2,-52241.143000000004,FALSE,FALSE,45,2025,1114.4779856929317,348.2742346343866
4357,Male,High School Diploma,"Indianapolis, IN",2005,TRUE,975.1680284233744,5,69770.95199999999,TRUE,FALSE,37,1369,5015.150951785665,8776.50900560286
4357,Male,High School Diploma,"Indianapolis, IN",2006,TRUE,2725.1046035761487,5,85159.531,FALSE,FALSE,38,1444,5041.4438590091595,9083.682036264927
4374,Male,High School Diploma,"Indianapolis, IN",2005,TRUE,2925.504118421615,4,127700.57,TRUE,TRUE,44,1936,4179.292697179938,9925.81482080841
4374,Male,High School Diploma,"Indianapolis, IN",2006,TRUE,6812.76129178936,4,-30657.432,TRUE,TRUE,45,2025,5041.4438590091595,10546.15270623207
4400,Male,High School Diploma,"Indianapolis, IN",2005,TRUE,1393.0975401802398,4,0,TRUE,TRUE,51,2601,4597.222059741935,3018.3783622240935
4403,Male,Bachelor's Degree,"New York, NY",2005,TRUE,2089.646293327163,4,267010.29,TRUE,FALSE,38,1444,3482.744112115419,4318.599764028543
4403,Male,Bachelor's Degree,"New York, NY",2006,TRUE,2180.083576721824,4,306574.32,FALSE,FALSE,39,1521,3406.3809441774815,5109.571374836972
4404,Male,Bachelor's Degree,"New York, NY",2005,TRUE,1393.0975401802398,4,49919.316,TRUE,FALSE,39,1521,2354.3343204094213,5224.11612581514
4404,Male,Bachelor's Degree,"New York, NY",2006,TRUE,681.2761244059466,4,39741.116,FALSE,FALSE,40,1600,3242.873829299799,5348.017444018086
4406,Male,Associate's Degree,"Indianapolis, IN",2005,TRUE,2089.646293327163,4,107732.85,TRUE,TRUE,44,1936,4179.292697179938,7778.129779224044
4406,Male,Associate's Degree,"Indianapolis, IN",2006,TRUE,2043.8283963782792,4,99920.518,FALSE,TRUE,45,2025,3815.147476564133,9537.86457225224
4407,Male,High School Diploma,"Indianapolis, IN",2005,FALSE,5015.148409074913,4,103797.35,TRUE,TRUE,42,1764,4179.292697179938,6150.525473524237
4407,Male,High School Diploma,"Indianapolis, IN",2006,FALSE,4905.188458598787,4,174111.5,FALSE,TRUE,43,1849,4768.93457788451,6472.126472281249
4408,Male,Master's Degree,"Indianapolis, IN",2005,TRUE,2368.265697377617,4,117716.71,TRUE,TRUE,42,1764,5572.387630221508,10155.676609422548
4408,Male,Master's Degree,"Indianapolis, IN",2006,TRUE,2316.339907902349,4,91972.28499999999,TRUE,TRUE,43,1849,5450.2120763939365,10219.1480579074
4409,Male,High School Diploma,"Indianapolis, IN",2005,TRUE,2786.1948559047646,4,277922.89,TRUE,FALSE,47,2209,5405.21496072822,7011.919039627013
4442,Male,High School Diploma,"Philadelphia, PA",2005,FALSE,4179.292667900005,4,90319.131,TRUE,TRUE,44,1936,3245.9151244597274,6268.938994940324
4442,Male,High School Diploma,"Philadelphia, PA",2006,FALSE,1362.5522752999839,4,141478.36,FALSE,TRUE,45,2025,2520.7221325738087,7562.166483415067
4445,Male,High School Diploma,"Philadelphia, PA",2005,TRUE,2507.575409577469,5,76620.34700000001,TRUE,TRUE,39,1521,2786.1937609469933,3440.951118198072
4445,Male,High School Diploma,"Philadelphia, PA",2006,TRUE,2316.339907902349,5,48665.829999999994,FALSE,TRUE,40,1600,2725.104622668107,2997.6151454737815
4492,Male,High School Diploma,"Philadelphia, PA",2005,TRUE,835.8584603872998,4,203160,TRUE,FALSE,46,2116,2646.8851167979756,4318.599764028543
4516,Male,Bachelor's Degree,"Philadelphia, PA",2005,TRUE,1393.0975401802398,4,8822.9486,TRUE,FALSE,41,1681,3482.744112115419,6826.17522930974
4516,Male,Bachelor's Degree,"Philadelphia, PA",2006,TRUE,3815.1474498353846,4,105370.73000000001,FALSE,FALSE,42,1764,3406.3809441774815,5268.5349247937165
4551,Male,Bachelor's Degree,"New York, NY",2005,TRUE,2786.1948559047646,4,508480.47,TRUE,FALSE,48,2304,5293.767689622628,7429.853350248558
4575,Male,Master's Degree,"New York, NY",2005,TRUE,2507.575409577469,5,-116091.44,TRUE,TRUE,33,1089,4179.292697179938,6733.303742275706
4575,Male,Master's Degree,"New York, NY",2006,TRUE,5177.700889469799,5,261155.9,FALSE,TRUE,34,1156,5041.4438590091595,7607.585343154857
4585,Male,High School Diploma,"Philadelphia, PA",2005,TRUE,1393.0975401802398,4,49919.320999999996,TRUE,TRUE,40,1600,2507.5744241154566,5270.549997806359
4701,Male,Master's Degree,"Philadelphia, PA",2005,FALSE,6268.935816551729,3,0,TRUE,FALSE,38,1444,2549.3678360832114,6241.075485763138
4701,Male,Master's Degree,"Philadelphia, PA",2006,FALSE,10900.417748072236,3,75167.48,FALSE,FALSE,39,1521,4360.1694488368485,6812.7647459007785
4727,Male,Master's Degree,"Nashville, TN",2005,TRUE,2786.1948559047646,4,361044.38,TRUE,FALSE,38,1444,2855.849711354127,3691.7072521677974
4727,Male,Master's Degree,"Los Angeles, CA",2006,TRUE,2725.1046035761487,4,1135.4604,FALSE,TRUE,39,1521,3133.8701832700763,5422.961242819425
4728,Male,High School Diploma,"Houston, TX",2005,TRUE,2786.1948559047646,4,145114.28,TRUE,TRUE,40,1600,3482.744112115419,4462.55477266891
4754,Male,High School Diploma,"Houston, TX",2005,TRUE,2786.1948559047646,5,11609.143,TRUE,TRUE,39,1521,3482.744112115419,6965.4848768970005
4754,Male,High School Diploma,"Houston, TX",2006,TRUE,4087.656872220828,5,3406.3812000000003,FALSE,TRUE,40,1600,4087.6569008587653,7262.407758410073
4760,Male,High School Diploma,"Houston, TX",2005,TRUE,1393.0975401802398,4,208964.59,TRUE,TRUE,45,2025,4179.292697179938,5049.975647598219
4760,Male,High School Diploma,"Houston, TX",2006,TRUE,2725.1046035761487,4,170319.06,FALSE,TRUE,46,2116,5041.4438590091595,5382.083253258081
4762,Male,Master's Degree,"Houston, TX",2005,TRUE,696.5487565491742,4,5804.5715,TRUE,TRUE,39,1521,2786.1937609469933,5683.837501213491
4762,Male,Master's Degree,"Houston, TX",2006,TRUE,681.2761244059466,4,158964.45,FALSE,FALSE,40,1600,3406.3809441774815,5450.2120763939365
4770,Male,High School Diploma,"Houston, TX",2005,TRUE,2786.1948559047646,4,-4643.6572,TRUE,TRUE,34,1156,2786.1937609469933,5804.57047995496
4770,Male,High School Diploma,"Houston, TX",2006,TRUE,2725.1046035761487,4,11354.604,FALSE,TRUE,35,1225,2997.6151454737815,5395.7074512306945
4835,Male,Associate's Degree,"Houston, TX",2005,TRUE,1811.0261421740374,3,3482.7429,TRUE,TRUE,41,1681,2786.1937609469933,4817.792429735158
4835,Male,Associate's Degree,"Houston, TX",2006,TRUE,2043.8283963782792,3,-17599.637,FALSE,TRUE,42,1764,2725.104622668107,4973.318984841549
4851,Male,Master's Degree,"Houston, TX",2005,FALSE,4179.292667900005,5,12189.6,TRUE,TRUE,46,2116,5015.150951785665,7940.651470049825
4851,Male,Master's Degree,"Houston, TX",2006,FALSE,4087.656872220828,5,23844.673,TRUE,TRUE,47,2209,5722.721168445439,8039.058875215117
4882,Male,High School Diploma,"Houston, TX",2005,TRUE,2786.1948559047646,4,812.64,TRUE,TRUE,39,1521,2089.6452631442376,2786.1937609469933
4883,Male,High School Diploma,"Houston, TX",2005,TRUE,1671.7169532728687,4,-53402.061,TRUE,FALSE,34,1156,2089.6452631442376,3831.018600696968
4897,Male,Middle School,"Houston, TX",2005,TRUE,2786.1948559047646,3,17413.716,FALSE,TRUE,61,3721,2089.6452631442376,2925.5044314679926
4909,Male,Bachelor's Degree,"Washington, DC",2005,FALSE,4179.292667900005,4,-34827.429000000004,TRUE,TRUE,39,1521,4179.292697179938,7940.651470049825
4909,Male,Bachelor's Degree,"Washington, DC",2006,FALSE,2725.1046035761487,4,278187.81,TRUE,FALSE,40,1600,5858.974105944299,8406.947278730868
4927,Male,High School Diploma,"Houston, TX",2005,TRUE,2786.1948559047646,4,34827.429000000004,TRUE,TRUE,42,1764,3343.43399496622,4875.838165314441
4927,Male,High School Diploma,"Houston, TX",2006,TRUE,4768.934544473572,4,351992.73,FALSE,TRUE,43,1849,3951.403060442263,4632.6776219812
4933,Male,High School Diploma,"Houston, TX",2005,FALSE,6965.484131548688,4,5804.5715,FALSE,TRUE,42,1764,2786.1937609469933,4457.909887140334
4947,Male,High School Diploma,"Houston, TX",2005,TRUE,696.5487565491742,3,23218.286,TRUE,FALSE,47,2209,2089.6452631442376,3436.3075938213706
4947,Male,High School Diploma,"Houston, TX",2006,TRUE,817.5313846094331,3,47689.336,FALSE,FALSE,48,2304,2043.828615080099,3406.3809441774815
4995,Male,Associate's Degree,"Houston, TX",2005,TRUE,1114.4774206460997,5,-77781.25,TRUE,TRUE,37,1369,4179.292697179938,5015.150951785665
4995,Male,Associate's Degree,"Houston, TX",2006,TRUE,953.7868253755095,5,68127.617,FALSE,TRUE,38,1444,4441.919580741655,5450.2120763939365
5016,Male,Bachelor's Degree,"New York, NY",2005,TRUE,2786.1948559047646,4,-26701.035000000003,TRUE,TRUE,36,1296,3413.089254848462,4388.256611621282
5046,Male,Bachelor's Degree,"New York, NY",2005,TRUE,1811.0261421740374,4,1178328.1,TRUE,FALSE,35,1225,5293.767689622628,7662.03351932664
5046,Male,Master's Degree,"New York, NY",2006,TRUE,1771.318197961161,4,130577.95,FALSE,FALSE,36,1296,5450.2120763939365,7607.585343154857
5076,Male,Bachelor's Degree,"Columbus, OH",2005,TRUE,1811.0261421740374,4,205481.84000000003,TRUE,FALSE,34,1156,3204.124291375578,6129.626517035604
5076,Male,Bachelor's Degree,"Columbus, OH",2006,TRUE,1090.0417671704408,4,25774.951,FALSE,FALSE,35,1225,4223.91372405024,6017.940077928968
5077,Male,Bachelor's Degree,"Indianapolis, IN",2005,TRUE,2786.1948559047646,4,11609.143,TRUE,FALSE,33,1089,3204.124291375578,6036.753823425402
5077,Male,Bachelor's Degree,"Indianapolis, IN",2006,TRUE,2725.1046035761487,4,-34517.998,FALSE,TRUE,34,1156,4905.188492964309,6812.7647459007785
5079,Female,Associate's Degree,"New York, NY",2005,TRUE,2507.575409577469,3,16833.258,TRUE,TRUE,31,961,3204.124291375578,4179.292697179938
5079,Female,Associate's Degree,"New York, NY",2006,TRUE,2725.1046035761487,3,9537.8674,FALSE,TRUE,32,1024,3406.3809441774815,4257.976387524785
5100,Male,Bachelor's Degree,"Jacksonville, FL",2005,TRUE,1393.0975401802398,2,-14488.21,TRUE,TRUE,37,1369,4179.292697179938,5572.387630221508
5102,Male,Associate's Degree,"Columbus, OH",2005,TRUE,2228.9548846232046,4,25540.115,TRUE,FALSE,31,961,1532.4073358822395,3482.744112115419
5105,Male,High School Diploma,"Oklahoma City, OK",2005,TRUE,1393.0975401802398,4,5804.5715,TRUE,TRUE,46,2116,2786.1937609469933,3169.296760033608
5105,Male,High School Diploma,"Oklahoma City, OK",2006,TRUE,1362.5522752999839,4,17031.907,FALSE,TRUE,47,2209,2684.228960087448,4541.84320075986
5121,Male,Bachelor's Degree,"Chicago, IL",2005,FALSE,6965.484131548688,3,104482.29,TRUE,TRUE,34,1156,4179.292697179938,7244.104901099599
5121,Male,Bachelor's Degree,"Chicago, IL",2006,FALSE,681.2761244059466,3,124900.64,FALSE,TRUE,35,1225,3815.147476564133,6812.7647459007785
5124,Male,High School Diploma,"Houston, TX",2005,TRUE,1393.0975401802398,4,71512.324,TRUE,FALSE,32,1024,3622.0541911635464,4875.838165314441
5125,Male,High School Diploma,"Washington, DC",2005,TRUE,2786.1948559047646,4,-15451.769999999999,TRUE,TRUE,42,1764,2089.6452631442376,3761.3616056754463
5135,Male,Associate's Degree,"Los Angeles, CA",2005,TRUE,417.9291384832469,3,17413.715,TRUE,TRUE,39,1521,2786.1937609469933,3916.9234873782298
5186,Male,High School Diploma,"New York, NY",2005,TRUE,1811.0261421740374,3,-12770.056999999999,TRUE,TRUE,35,1225,2549.3678360832114,5572.387630221508
5189,Male,High School Diploma,"Columbus, OH",2005,TRUE,1393.0975401802398,4,132924.69,FALSE,FALSE,30,900,2019.9911314210626,4330.209053131399
5198,Male,High School Diploma,"Washington, DC",2005,TRUE,1532.4065589427935,4,34827.429000000004,TRUE,FALSE,33,1089,2089.6452631442376,2786.1937609469933
5203,Male,Associate's Degree,"New York, NY",2005,TRUE,1393.0975401802398,4,-23682.651,TRUE,TRUE,37,1369,2368.264529837018,3998.1906489342473
5205,Male,High School Diploma,"New York, NY",2005,TRUE,557.2386994902988,3,-14511.428,TRUE,FALSE,35,1225,2187.162892345889,2837.2745361298453
5235,Male,Associate's Degree,"Phoenix, AZ",2005,FALSE,4179.292667900005,1,16252.8,FALSE,FALSE,32,1024,1379.165934305627,2786.1937609469933
5236,Male,Bachelor's Degree,"Charlotte, NC",2005,TRUE,1114.4774206460997,3,-69654.85399999999,TRUE,TRUE,35,1225,4318.599764028543,5456.296817074311
5236,Male,Bachelor's Degree,"Charlotte, NC",2006,TRUE,1362.5522752999839,3,-41603.27100000001,FALSE,TRUE,36,1296,4223.91372405024,6608.38053130933
5274,Male,Bachelor's Degree,"New York, NY",2005,TRUE,2228.9548846232046,3,58045.71799999999,TRUE,TRUE,35,1225,3343.43399496622,7522.7271189556695
5274,Male,Bachelor's Degree,"Los Angeles, CA",2006,TRUE,2043.8283963782792,3,-73804.927,FALSE,TRUE,36,1296,3624.389719955228,4687.179056556424
5293,Female,High School Diploma,"Chicago, IL",2005,TRUE,696.5487565491742,1,3482.7429,TRUE,FALSE,24,576,975.168035255357,2089.6452631442376
5293,Female,High School Diploma,"Chicago, IL",2006,TRUE,1362.5522752999839,1,7948.2233,FALSE,FALSE,25,625,1703.190438978623,2043.828615080099
5298,Male,High School Diploma,"Houston, TX",2005,TRUE,2786.1948559047646,3,25540.115,TRUE,TRUE,34,1156,3761.3616056754463,8595.411557216368
5298,Male,High School Diploma,"Houston, TX",2006,TRUE,681.2761244059466,3,48824.799999999996,TRUE,TRUE,35,1225,4223.91372405024,7357.782679788357
5310,Male,Bachelor's Degree,"New York, NY",2005,FALSE,4179.292667900005,5,319251.45,TRUE,FALSE,35,1225,3900.670342344329,5572.387630221508
5311,Male,High School Diploma,"Seattle, WA",2005,FALSE,4457.909855908418,4,190389.94,TRUE,TRUE,33,1089,3622.0541911635464,7650.4236165509365
5311,Male,Bachelor's Degree,"Seattle, WA",2006,FALSE,27251.04622668107,4,26115.587999999996,FALSE,TRUE,34,1156,3133.8701832700763,8447.823388413955
5317,Male,Associate's Degree,"Nashville, TN",2005,TRUE,1393.0975401802398,1,6268.9374,TRUE,FALSE,31,961,1950.336108425355,2623.6671665425374
5317,Male,Associate's Degree,"Nashville, TN",2006,TRUE,1498.807533099411,1,7948.2233,FALSE,FALSE,32,1024,1362.552284845963,2316.338765960849
5327,Male,Bachelor's Degree,"Indianapolis, IN",2005,TRUE,2786.1948559047646,3,213608.24,TRUE,FALSE,30,900,2786.1937609469933,9287.317139971063
5327,Male,Bachelor's Degree,"Indianapolis, IN",2006,TRUE,2725.1046035761487,4,-70398.54999999999,FALSE,TRUE,31,961,4087.6569008587653,11013.962884838327
5328,Male,Bachelor's Degree,"Los Angeles, CA",2005,FALSE,3482.742346343866,4,-49338.862,TRUE,TRUE,32,1024,2786.1937609469933,5398.24996785374
5328,Male,Bachelor's Degree,"Los Angeles, CA",2006,FALSE,1362.5522752999839,4,-31792.891,FALSE,TRUE,33,1089,3406.3809441774815,7162.480940448156
5330,Male,Bachelor's Degree,"Charlotte, NC",2005,TRUE,1253.7878057938074,4,-34827.429000000004,TRUE,TRUE,36,1296,3427.019801692922,7487.898027931519
5330,Male,Bachelor's Degree,"Charlotte, NC",2006,TRUE,1226.2970669711312,4,-24980.129,TRUE,TRUE,37,1369,3747.019114268803,7880.0970597245805
5338,Male,Bachelor's Degree,"Columbus, OH",2005,TRUE,1393.0975401802398,1,5456.2976,TRUE,FALSE,33,1089,1741.37115151955,4095.7072827774646
5338,Male,Bachelor's Degree,"Columbus, OH",2006,TRUE,1362.5522752999839,1,22709.209000000003,FALSE,FALSE,34,1156,1771.3182103709369,4170.54540997883
5339,Male,Bachelor's Degree,"Nashville, TN",2005,FALSE,3482.742346343866,3,1160.9143,TRUE,FALSE,33,1089,6965.4848768970005,14743.610773126316
5339,Male,Bachelor's Degree,"Nashville, TN",2006,FALSE,3406.3809203125293,4,54502.109,FALSE,FALSE,34,1156,6131.485914721618,9310.773969945445
5347,Male,Bachelor's Degree,"New York, NY",2005,TRUE,2507.575409577469,4,162528.01,TRUE,FALSE,34,1156,4179.292697179938,3761.3616056754463
5362,Male,Bachelor's Degree,"Los Angeles, CA",2005,TRUE,2786.1948559047646,4,237755.27,TRUE,TRUE,35,1225,5154.461348938839,11144.779935009135
5393,Female,High School Diploma,"New York, NY",2005,TRUE,1393.0975401802398,1,1393.0972,TRUE,FALSE,25,625,557.2389820137093,2228.9560147168886
5436,Male,Associate's Degree,"New York, NY",2005,TRUE,2089.646293327163,1,10448.229,TRUE,FALSE,31,961,975.168035255357,2786.1937609469933
5436,Male,Associate's Degree,"New York, NY",2006,TRUE,2043.8283963782792,1,5677.3022,FALSE,FALSE,32,1024,1362.552284845963,3133.8701832700763
5443,Male,Associate's Degree,"Philadelphia, PA",2005,TRUE,1811.0261421740374,4,19735.543,TRUE,FALSE,31,961,1114.4779856929317,2646.8851167979756
5445,Male,Bachelor's Degree,"Houston, TX",2005,TRUE,2786.1948559047646,3,24611.384,TRUE,FALSE,33,1089,2786.1937609469933,5851.006051176156
5445,Male,Bachelor's Degree,"Houston, TX",2006,TRUE,2725.1046035761487,3,17031.909,FALSE,FALSE,34,1156,2738.730579839977,5995.233405111117
5498,Male,Associate's Degree,"Denver, CO",2005,TRUE,1393.0975401802398,4,-38310.173,TRUE,TRUE,29,841,2646.8851167979756,3250.558803232362
5507,Male,Bachelor's Degree,"New York, NY",2005,TRUE,696.5487565491742,4,11609.143,TRUE,FALSE,36,1296,3343.43399496622,6094.798003373102
5528,Male,Bachelor's Degree,"Los Angeles, CA",2005,TRUE,1393.0975401802398,3,23218.286,TRUE,TRUE,32,1024,2646.8851167979756,6965.4848768970005
5543,Male,Bachelor's Degree,"Los Angeles, CA",2005,FALSE,6965.484131548688,4,156723.44,TRUE,FALSE,35,1225,4457.909887140334,6756.519029856737
5543,Male,Master's Degree,"Los Angeles, CA",2006,FALSE,4087.656872220828,4,278187.79,FALSE,FALSE,36,1296,4496.422681752933,10491.651241363443
5565,Male,Bachelor's Degree,"Charlotte, NC",2005,TRUE,2786.1948559047646,3,5804.5715,TRUE,FALSE,36,1296,1950.336108425355,4341.820460109227
5565,Male,Bachelor's Degree,"Charlotte, NC",2006,TRUE,2725.1046035761487,3,18848.645,FALSE,FALSE,37,1369,2180.083591995392,3678.8931078224255
5572,Male,Associate's Degree,"Oklahoma City, OK",2005,TRUE,2786.1948559047646,3,12305.692,TRUE,FALSE,34,1156,2507.5744241154566,3801.9957301724808
5573,Male,Associate's Degree,"Los Angeles, CA",2005,TRUE,2089.646293327163,4,-27861.943,TRUE,FALSE,32,1024,2368.264529837018,2507.5744241154566
5574,Male,Master's Degree,"Seattle, WA",2005,FALSE,5293.77029941922,3,-5224.1143999999995,TRUE,TRUE,35,1225,2507.5744241154566,3482.744112115419
5574,Male,Master's Degree,"Seattle, WA",2006,FALSE,3542.6364647913692,3,3974.1113,FALSE,TRUE,36,1296,2507.0962752657197,4087.6569008587653
5609,Female,Bachelor's Degree,"Los Angeles, CA",2005,TRUE,2089.646293327163,3,70815.781,TRUE,FALSE,34,1156,3622.0541911635464,5851.006051176156
5627,Male,Associate's Degree,"Los Angeles, CA",2005,TRUE,1393.0975401802398,3,117252.35,TRUE,TRUE,30,900,5572.387630221508,9287.317139971063
5627,Male,Associate's Degree,"Los Angeles, CA",2006,TRUE,2725.1046035761487,3,17031.907,FALSE,TRUE,31,961,6335.870534703072,9083.682036264927
5630,Male,Bachelor's Degree,"Los Angeles, CA",2005,TRUE,1393.0975401802398,3,169493.48,TRUE,FALSE,40,1600,2786.1937609469933,4179.292697179938
5630,Male,Bachelor's Degree,"Los Angeles, CA",2006,TRUE,1362.5522752999839,3,-99920.518,FALSE,TRUE,41,1681,3270.125688490926,5807.8817706244745
5660,Male,Bachelor's Degree,"Jacksonville, FL",2005,TRUE,1671.7169532728687,3,6965.4858,TRUE,FALSE,37,1369,1671.7169649848413,2786.1937609469933
5660,Male,Bachelor's Degree,"Jacksonville, FL",2006,TRUE,1635.0626374983042,3,10446.234999999999,FALSE,FALSE,38,1444,2043.828615080099,3351.8784533139337
5673,Male,Bachelor's Degree,"Oklahoma City, OK",2005,FALSE,5572.389820137094,4,0,TRUE,FALSE,43,1849,5851.006051176156,8358.5813775595
5673,Male,Bachelor's Degree,"Oklahoma City, OK",2006,FALSE,8175.313903370206,4,172589.97999999998,FALSE,FALSE,44,1936,5055.068589462471,8402.411273435677
5727,Male,High School Diploma,"Chicago, IL",2005,TRUE,2786.1948559047646,2,4063.2001,TRUE,TRUE,42,1764,3064.814731344643,4388.256611621282
5727,Male,High School Diploma,"Chicago, IL",2006,TRUE,2725.1046035761487,3,23163.394,FALSE,TRUE,43,1849,2725.104622668107,4087.6569008587653
5743,Male,Associate's Degree,"Denver, CO",2005,TRUE,2786.1948559047646,1,92873.145,TRUE,FALSE,28,784,557.2389820137093,3993.54545284821
5767,Male,Bachelor's Degree,"Chicago, IL",2005,TRUE,2368.265697377617,3,-37149.26,TRUE,TRUE,33,1089,2089.6452631442376,3482.744112115419
5767,Male,Bachelor's Degree,"Chicago, IL",2006,TRUE,2180.083576721824,3,-30657.432,TRUE,TRUE,34,1156,2180.083591995392,3133.8701832700763
5788,Male,High School Diploma,"Los Angeles, CA",2005,TRUE,1393.0975401802398,3,-13930.972,FALSE,TRUE,31,961,1393.0968533916168,1532.4073358822395
5799,Female,Bachelor's Degree,"Los Angeles, CA",2005,TRUE,696.5487565491742,3,-102160.46,TRUE,TRUE,32,1024,2786.1937609469933,11005.468889452695
5799,Female,Bachelor's Degree,"Los Angeles, CA",2006,TRUE,545.021036496271,3,-121494.26,FALSE,TRUE,33,1089,4087.6569008587653,13761.783253476355
5856,Female,Ph.D. Degree,"Los Angeles, CA",2005,FALSE,5572.389820137094,3,-104482.29,TRUE,FALSE,38,1444,8344.650885082265,21198.285823311453
5895,Male,Associate's Degree,"Jacksonville, FL",2005,TRUE,2786.1948559047646,2,-14627.52,TRUE,TRUE,32,1024,3482.744112115419,5433.081242693007
5895,Male,Associate's Degree,"Jacksonville, FL",2006,TRUE,4087.656872220828,3,-22709.209000000003,FALSE,TRUE,33,1089,2861.360814733778,4314.750585030463
5997,Male,Bachelor's Degree,"New York, NY",2005,TRUE,975.1680284233744,3,-54562.974,TRUE,TRUE,37,1369,2368.264529837018,4597.222059741935
5997,Male,Bachelor's Degree,"New York, NY",2006,TRUE,1090.0417671704408,4,-76075.85,FALSE,TRUE,38,1444,3133.8701832700763,4360.1694488368485
6014,Male,Associate's Degree,"Washington, DC",2005,TRUE,1671.7169532728687,3,9287.3145,TRUE,FALSE,30,900,1671.7169649848413,2786.1937609469933
6058,Male,Bachelor's Degree,"Los Angeles, CA",2005,TRUE,2786.1948559047646,3,-23218.286,TRUE,FALSE,31,961,2228.9560147168886,7429.853350248558
6058,Male,Bachelor's Degree,"Los Angeles, CA",2006,TRUE,2997.6151244726243,3,13625.525,FALSE,FALSE,32,1024,5450.2120763939365,7630.2912863150195
6070,Male,Bachelor's Degree,"Seattle, WA",2005,TRUE,2786.1948559047646,4,33666.516,TRUE,FALSE,32,1024,2368.264529837018,5920.66468827422
6081,Male,Bachelor's Degree,"Jacksonville, FL",2005,TRUE,1532.4065589427935,3,17413.715,TRUE,FALSE,34,1156,2089.6452631442376,3482.744112115419
6081,Male,Bachelor's Degree,"Jacksonville, FL",2006,TRUE,1498.807533099411,3,14397.637999999999,FALSE,FALSE,35,1225,1771.3182103709369,4076.3016582215705
6209,Male,Bachelor's Degree,"Columbus, OH",2005,FALSE,3482.742346343866,3,73137.603,TRUE,TRUE,31,961,2786.1937609469933,4504.345605991885
6252,Male,High School Diploma,"New York, NY",2005,TRUE,696.5487565491742,3,13930.972,TRUE,FALSE,27,729,2089.6452631442376,2321.8280338054833
6267,Female,Associate's Degree,"Los Angeles, CA",2005,TRUE,975.1680284233744,3,22057.373,TRUE,FALSE,30,900,1950.336108425355,6733.303742275706
6271,Male,Master's Degree,"New York, NY",2005,TRUE,1393.0975401802398,3,60367.549,TRUE,FALSE,33,1089,1490.6140080574376,3366.6504590294994
6271,Male,Master's Degree,"New York, NY",2006,TRUE,1362.5522752999839,3,27705.234,FALSE,FALSE,34,1156,2220.960857675398,3633.4743837093115
6293,Male,High School Diploma,"Los Angeles, CA",2005,TRUE,2786.1948559047646,3,5804.5715,TRUE,FALSE,31,961,2786.1937609469933,3482.744112115419
6333,Male,Bachelor's Degree,"Los Angeles, CA",2005,TRUE,2786.1948559047646,3,3482.7429,TRUE,FALSE,32,1024,1532.4073358822395,3784.5807743945575
6333,Male,Bachelor's Degree,"Los Angeles, CA",2006,TRUE,1362.5522752999839,3,5677.3022,FALSE,FALSE,33,1089,1498.807543599988,3133.8701832700763
6363,Male,Bachelor's Degree,"Los Angeles, CA",2005,TRUE,1671.7169532728687,1,17251.188,TRUE,FALSE,32,1024,1393.0968533916168,2228.9560147168886
6378,Male,Bachelor's Degree,"Los Angeles, CA",2005,TRUE,2786.1948559047646,3,-5224.1138,TRUE,TRUE,38,1444,3204.124291375578,10448.227230629564
6378,Male,Bachelor's Degree,"Los Angeles, CA",2006,TRUE,2725.1046035761487,3,4541.8408,FALSE,TRUE,39,1521,4087.6569008587653,8856.595370027515
6381,Male,Associate's Degree,"Houston, TX",2005,TRUE,2089.646293327163,2,0,TRUE,FALSE,33,1089,2089.6452631442376,3482.744112115419
6386,Male,Associate's Degree,"Los Angeles, CA",2005,TRUE,1393.0975401802398,3,197355.43000000002,TRUE,FALSE,34,1156,4179.292697179938,8706.85564933583
6391,Male,Bachelor's Degree,"Los Angeles, CA",2005,TRUE,1393.0975401802398,1,5804.5715,TRUE,FALSE,28,784,1393.0968533916168,2925.5044314679926
6391,Male,Bachelor's Degree,"Los Angeles, CA",2006,TRUE,1498.807533099411,1,18167.367,FALSE,FALSE,29,841,1771.3182103709369,3440.445679604186
6410,Male,Bachelor's Degree,"Los Angeles, CA",2005,FALSE,3761.3615793235185,2,102160.47,TRUE,FALSE,31,961,2089.6452631442376,5293.767689622628
6435,Female,Bachelor's Degree,"Los Angeles, CA",2005,TRUE,3064.8131774657204,2,17413.715,TRUE,TRUE,30,900,2507.5744241154566,4388.256611621282
6494,Male,Bachelor's Degree,"Los Angeles, CA",2005,TRUE,2786.1948559047646,1,29022.858999999997,TRUE,FALSE,27,729,2061.7835744011304,5572.387630221508
6494,Male,Bachelor's Degree,"Los Angeles, CA",2006,TRUE,5450.209313104665,1,48824.799999999996,FALSE,FALSE,28,784,2656.977294013196,3270.125688490926
6536,Male,Associate's Degree,"Los Angeles, CA",2005,TRUE,2089.646293327163,2,-13930.972,TRUE,TRUE,31,961,2786.1937609469933,5108.021876832231
6536,Male,Associate's Degree,"Los Angeles, CA",2006,TRUE,2043.8283963782792,2,-17031.907,FALSE,TRUE,32,1024,2997.6151454737815,4087.6569008587653
6545,Female,Bachelor's Degree,"Los Angeles, CA",2005,TRUE,696.5487565491742,2,0,TRUE,FALSE,28,784,2089.6452631442376,5804.57047995496
6555,Male,Associate's Degree,"Nashville, TN",2005,TRUE,696.5487565491742,2,13466.606,TRUE,FALSE,32,1024,2270.748291528482,3854.237224953646
6555,Male,Associate's Degree,"Nashville, TN",2006,TRUE,681.2761244059466,3,28386.511,FALSE,FALSE,33,1089,2180.083591995392,2691.041574315041
6566,Male,Bachelor's Degree,"Los Angeles, CA",2005,FALSE,4179.292667900005,2,11609.143,TRUE,FALSE,30,900,3064.814731344643,5293.767689622628
6566,Male,Bachelor's Degree,"Los Angeles, CA",2006,FALSE,2043.8283963782792,3,91972.295,FALSE,FALSE,31,961,3406.3809441774815,8584.082541475225
6567,Female,Master's Degree,"Los Angeles, CA",2005,TRUE,1393.0975401802398,1,11609.143,TRUE,FALSE,30,900,3928.5355428093117,2382.1966424181974
6567,Female,Master's Degree,"New York, NY",2006,TRUE,1362.5522752999839,2,-72896.563,FALSE,TRUE,31,961,3406.3809441774815,6245.034831211946
6568,Female,High School Diploma,"Columbus, OH",2005,FALSE,3900.6722653520583,1,10448.229,TRUE,FALSE,23,529,835.858549829137,1775.0376270094182
6568,Female,High School Diploma,"Columbus, OH",2006,FALSE,5722.721128352312,1,18508.005,FALSE,FALSE,24,576,1635.062812459752,2441.2402784958504
6570,Male,High School Diploma,"Los Angeles, CA",2005,TRUE,2786.1948559047646,2,1741.3715,TRUE,FALSE,26,676,2786.1937609469933,3482.744112115419
6570,Male,High School Diploma,"Los Angeles, CA",2006,TRUE,3406.3809203125293,2,7494.0387,FALSE,FALSE,27,729,4360.1694488368485,6017.940077928968
6581,Male,Bachelor's Degree,"Columbus, OH",2005,TRUE,1393.0975401802398,1,-11609.143,TRUE,FALSE,27,729,835.858549829137,2275.391717318757
6581,Male,Bachelor's Degree,"Los Angeles, CA",2006,TRUE,2043.8283963782792,1,10219.144,FALSE,FALSE,28,784,1090.0417748072236,3519.9283032858402
6586,Male,High School Diploma,"Indianapolis, IN",2005,FALSE,4179.292667900005,2,29022.858999999997,TRUE,FALSE,34,1156,4179.292697179938,6895.833033700359
6641,Male,Associate's Degree,"Los Angeles, CA",2005,TRUE,1393.0975401802398,2,19503.361,TRUE,FALSE,35,1225,1950.336108425355,3505.9612046376274
6646,Male,Bachelor's Degree,"Phoenix, AZ",2005,TRUE,557.2386994902988,3,272814.84,TRUE,FALSE,31,961,2103.5767727761627,4597.222059741935
6671,Male,Associate's Degree,"Houston, TX",2005,FALSE,4179.292667900005,2,1160.9143,TRUE,FALSE,30,900,3064.814731344643,5422.6299100098095
6671,Male,Associate's Degree,"Houston, TX",2006,FALSE,4087.656872220828,2,-54388.55499999999,FALSE,TRUE,31,961,2043.828615080099,5027.817639204532
6673,Male,High School Diploma,"Los Angeles, CA",2005,TRUE,696.5487565491742,2,21941.282,TRUE,FALSE,30,900,2228.9560147168886,2484.356869488206
6680,Male,Bachelor's Degree,"New York, NY",2005,TRUE,2786.1948559047646,3,2321.8286,TRUE,FALSE,29,841,2089.6452631442376,3482.744112115419
