fips,human2014,human2016,human2018
1001,43,43.458,46.971001
1003,43,42.223999,46.129002
1005,43,49.058998,51.93
1007,39,41.923,45.591999
1009,48,42.595001,44.09
1011,39,53.986,56.726002
1013,39,46.626999,50.474998
1015,43,46.306999,49.084999
1017,39,47.207001,48.889999
1019,39,41.028,44.867001
1021,41,41.889,45.861
1023,44,48.759998,50.755001
1025,40,44.992001,49.794998
1027,45,43.736,44.408001
1029,49,43.771,47.085999
1031,44,42.175999,46.244999
1033,41,45.575001,47.542999
1035,49,49.325001,47.648998
1037,39,45.030998,48.873001
1039,47,43.772999,45.661999
1041,41,43.916,48.174
1043,41,40.101002,43.084
1045,45,45.546001,47.039001
1047,45,55.021999,55.118
1049,45,44.244999,46.389999
1051,41,42.891998,47.141998
1053,42,44.948002,46.594002
1055,38,43.07,46.27
1057,40,41.647999,45.505001
1059,43,45.417999,47.939999
1061,41,41.130001,45.112
1063,37,51.645,53.157001
1065,43,49.467999,50.637001
1067,39,44.200001,46.652
1069,41,43.884998,46.957001
1071,39,41.106998,43.137001
1073,43,49.723,53.48
1075,39,41.332001,43.754002
1077,46,46.939999,49.591999
1079,43,43.707001,45.563999
1081,43,47.591,52.661999
1083,42,44.200001,47.185001
1085,44,51.294998,53.528
1087,42,54.212002,57.648998
1089,46,50.421001,54.862999
1091,39,47.306999,50.777
1093,41,42.500999,45.030998
1095,43,43.693001,47.188999
1097,42,47.716,50.439999
1099,44,46.466999,48.563
1101,42,53.208,56.901001
1103,43,43.972,46.542999
1105,40,51.403,54.404999
1107,40,45.511002,50.280998
1109,39,46.904999,50.73
1111,42,44.497002,47.096001
1113,45,50.776001,53.096001
1115,41,41.272999,44.647999
1117,44,44.025002,48.716
1119,43,51.416,53.349998
1121,40,46.577,49.423
1123,47,47.298,48.897999
1125,39,45.408001,50.002998
1127,40,40.153999,43.09
1129,37,40.692001,45.09
1131,38,51.917999,52.528
1133,38,39.567001,44.256001
2013,54,52.125999,60.032001
2016,45,51.715,59.388
2020,50,52.472,57.337002
2050,51,52.931999,59.181
2060,40,48.845001,57.257
2068,46,48.692001,57.271
2070,45,51.271,59.459
2090,46,48.749001,54.555
2100,43,50.352001,58.054001
2105,49,52.771999,59.667
2110,51,52.709,58.012001
2122,42,48.181999,55.720001
2130,45,51.791,58.479
2150,53,53.212002,58.665001
2164,49,52.915001,59.303001
2170,44,48.655998,59.487
2180,47,50.740002,54.536999
2185,41,49.312,58.897999
2188,55,54.935001,60.153999
2195,49,50.845001,61.625999
2198,49,50.810001,58.641998
2220,48,53.749001,58.423
2230,49,52.157001,61.271999
2240,44,48.653,60.601002
2261,44,49.422001,56.327999
2270,48,51.051998,57.764999
2275,49,49.912998,58.105
2282,43,50.610001,58.088001
2290,43,51.523998,59.515999
4001,44,53.118,58.318001
4003,49,50.348999,52.945999
4005,54,56.998001,60.688999
4007,44,48.298,52.091
4009,43,47.963001,50.786999
4011,51,52.085999,51.265999
4012,45,47.987,51.550999
4013,45,52.070999,54.909
4015,43,45.584,47.374001
4017,47,50.917999,56.023998
4019,55,58.125,62.73
4021,49,50.039001,52.702999
4023,50,60.914001,62.728001
4025,47,49.862999,52.175999
4027,49,53.258999,57.061001
5001,42,45.625,50.238998
5003,39,44.393002,47.069
5005,42,43.841,46.624001
5007,46,45.616001,50.18
5009,42,42.209999,45.623001
5011,51,50.708,50.549
5013,39,42.054001,44.784
5015,47,49.375,50.673
5017,53,53.402,53.009998
5019,41,49.064999,53.095001
5021,39,44.231998,47.765999
5023,43,42.014,45.381001
5025,39,42.402,45.129002
5027,39,45.222,48.026001
5029,40,48.993999,51.747002
5031,43,47.806,51.191002
5033,39,42.5,45.612
5035,40,49.304001,53.040001
5037,49,48.966999,48.856998
5039,39,47.284,50.740002
5041,40,48.707001,51.251999
5043,44,47.655998,49.935001
5045,45,47.66,51.276001
5047,39,43.730999,46.673
5049,44,46.529999,45.897999
5051,46,47.359001,50.727001
5053,45,43.209,47.112
5055,40,44.599998,46.604
5057,41,46.007,49.376999
5059,40,43.847,47.173
5061,43,49.308998,51.972
5063,38,40.071999,44.686001
5065,40,45.120998,47.907001
5067,41,45.389,46.533001
5069,40,51.050999,53.332001
5071,39,45.762001,50.544998
5073,44,47.035,49.771
5075,46,47.910999,47.799
5077,40,51.676998,54.304001
5079,50,50.383999,50.745998
5081,36,43.900002,46.301998
5083,40,43.726002,46.955002
5085,42,43.625999,45.868
5087,42,47.682999,50.247002
5089,39,44.470001,46.577999
5091,50,46.428001,48.41
5093,41,48.868999,53.215
5095,39,48.508999,52.577
5097,47,44.877998,46.188
5099,38,44.625999,47.567001
5101,41,46.185001,48.974998
5103,43,47.240002,50.477001
5105,49,45.926998,49.971001
5107,39,52.096001,56.278
5109,42,42.853001,46.327999
5111,39,43.342999,48.893002
5113,39,41.832001,46.73
5115,42,44.313999,47.764
5117,41,43.490002,47.575001
5119,51,55.130001,58.554001
5121,41,44.779999,45.900002
5123,45,50.952,53.834999
5125,40,43.835999,46.540001
5127,43,46.131001,48.596001
5129,39,42.321999,47.452
5131,44,46.455002,49.993
5133,45,47.491001,52.941002
5135,39,43.917999,48.57
5137,45,47.077,51.674999
5139,41,44.532001,46.681
5141,42,45.053001,46.785999
5143,44,50.369999,55.66
5145,40,42.693001,45.726002
5147,38,47.734001,49.959999
5149,44,45.081001,48.280998
6001,64,68.364998,72.058998
6003,46,55.860001,61.932999
6005,45,48.654999,50.819
6007,47,50.990002,55.446999
6009,44,49.210999,51.933998
6011,48,52.557999,58.630001
6013,51,58.556,64.231003
6015,45,50.633999,55.018002
6017,47,49.825001,54.640999
6019,50,54.617001,59.201
6021,48,50.575001,53.129002
6023,53,58.574001,61.632999
6025,54,60.201,63.852001
6027,49,49.865002,56.271
6029,51,51.335999,55.089001
6031,48,52.402,57.057999
6033,51,54.939999,57.887001
6035,49,48.353001,50.063999
6037,58,61.09,64.612
6039,47,52.160999,56.610001
6041,58,62.459,65.862999
6043,48,51.931,56.006001
6045,54,58.766998,61.547001
6047,47,55.492001,60.091999
6049,47,48.212002,53.243999
6051,52,55.397999,61.716
6053,54,61.389999,65.226997
6055,57,60.458,62.740002
6057,53,53.417,58.255001
6059,54,56.452999,61.629002
6061,48,51.376999,55.386002
6063,47,51.039001,53.743
6065,54,56.925999,61.436001
6067,50,55.639,60.273998
6069,50,57.463001,61.754002
6071,51,55.901001,59.220001
6073,49,54.001999,59.423
6075,65,65.941002,70.032997
6077,56,58.111,61.438
6079,54,55.455002,60.474998
6081,61,64.992996,68.834999
6083,54,59.738998,65.768997
6085,58,63.727001,68.049004
6087,61,65.266998,68.417
6089,49,47.798,50.709
6091,51,46.919998,54.327
6093,49,52.323002,55.669998
6095,52,57.438999,61.009998
6097,59,61.466999,63.585999
6099,55,55.888,59.551998
6101,50,52.688999,55.778
6103,47,48.416,50.501999
6105,54,52.769001,55.631001
6107,55,54.691002,58.188
6109,49,49.838001,51.734001
6111,49,55.532001,59.098999
6113,55,62.132,65.846001
6115,46,51.188999,54.037998
8001,55,57.942001,60.645
8003,50,56.049,58.117001
8005,51,55.422001,59.283001
8007,49,51.723,54.887001
8009,43,44.855,49.362999
8011,46,48.824001,51.556
8013,56,61.203999,64.428001
8014,54,55.785999,60.598
8015,44,51.988998,55.660999
8017,39,43.207001,47.597
8019,45,54.646,57.793999
8021,48,54.993,57.879002
8023,48,58.410999,62.224998
8025,47,48.915001,48.708
8027,43,47.587002,52.342999
8029,45,47.942001,50.673
8031,56,62.286999,65.097
8033,41,47.432999,50.883999
8035,46,49.624001,53.855
8037,49,57.999001,61.271
8039,49,49.66,49.188
8041,45,46.123001,52.597
8043,49,49.910999,49.074001
8045,47,53.269001,57.276001
8047,43,54.687,56.708
8049,45,54.848999,56.512001
8051,45,56.456001,61.644001
8053,45,50.875,54.214001
8055,57,57.869999,60.562
8057,44,47.106998,52.061001
8059,45,51.48,54.818001
8061,42,41.528,44.171001
8063,42,43.763,47.379002
8065,50,55.323002,60.241001
8067,53,59.384998,59.900002
8069,52,55.514,58.238998
8071,50,54.681999,57.012001
8073,45,46.312,50.396999
8075,49,49.217999,48.174999
8077,47,48.230999,51.641998
8079,43,56.001999,59.606998
8081,38,39.969002,44.272999
8083,46,49.889,51.424
8085,48,47.539001,49.058998
8087,44,49.066002,50.709
8089,45,52.235001,52.978001
8091,48,55.467999,63.368
8093,55,52.627998,53.081001
8095,49,48.625,49.006001
8097,46,59.973999,63.729
8099,56,51.891998,52.560001
8101,53,55.831001,57.756001
8103,42,43.886002,47.844002
8105,51,52.283001,53.624001
8107,46,53.627998,57.874001
8109,56,60.950001,60.418999
8111,45,55.013,60.396999
8113,52,61.675999,63.625
8115,45,48.835999,50.285
8117,50,58.612999,61.215
8119,49,47.665001,49.902
8121,44,42.777,47.521
8123,45,49.568001,51.816002
8125,44,46.164001,50.622002
9001,57,58.755001,64.699997
9003,46,53.599998,57.492001
9005,52,52.428001,53.912998
9007,49,55.881001,58.43
9009,47,53.862999,57.806999
9011,46,54.412998,57.34
9013,52,54.856998,58.061001
9015,45,52.355999,54.615002
10001,44,53.723999,52.047001
10003,48,53.153999,58.555
10005,51,50.470001,52.307999
11001,65,64.697998,68.336998
12001,53,57.347,61.814999
12003,39,40.419998,43.658001
12005,48,47.688,50.748001
12007,41,44.608002,47.766998
12009,49,51.605999,54.195999
12011,57,58.660999,61.432999
12013,39,42.842999,46.636002
12015,46,50.778999,52.914001
12017,49,49.813999,50.589001
12019,42,43.867001,47.633999
12021,50,50.375,54.256001
12023,44,45.398998,48.166
12027,48,52.188999,55.59
12029,39,42.379002,46.435001
12031,41,48.004002,51.777
12033,46,48.723999,53.634998
12035,53,51.764,53.078999
12037,46,48.966999,52.030998
12039,49,55.363998,57.549
12041,41,42.773998,48.835999
12043,46,48.779999,51.591
12045,40,43.870998,48.050999
12047,44,47.435001,49.986
12049,45,49.5,52.377998
12051,57,57.139,63.167
12053,42,48.131001,48.587002
12055,49,49.265999,50.435001
12057,47,56.303001,58.873001
12059,42,40.209999,43.588001
12061,50,48.841999,51.768002
12063,43,44.985001,46.719002
12065,53,51.313999,53.919998
12067,41,43.549999,46.435001
12069,53,52.563999,55.103001
12071,50,50.658001,52.917999
12073,47,53.889,58.742001
12075,47,45.127998,49.93
12077,42,48.596001,51.741001
12079,40,48.235001,50.223
12081,51,52.445999,55.259998
12083,47,50.227001,52.685001
12085,45,47.278999,51.125999
12086,57,60.775002,64.799004
12087,55,56.550999,59.971001
12089,48,45.132,48.305
12091,46,45.993,50.372002
12093,55,50.27,50.953999
12095,50,53.459999,56.306999
12097,52,58.040001,61.306
12099,48,54.526001,58.215
12101,50,53.847,56.457001
12103,50,53.929001,56.898998
12105,46,49.028,53.25
12107,44,45.907001,49.292999
12109,44,46.435001,50.487
12111,44,53.137001,56.407001
12113,50,45.598,49.25
12115,47,50.681999,54.472
12117,46,50.018002,53.182999
12119,46,48.162998,51.578999
12121,42,44.713001,48.547001
12123,41,46.823002,49.398998
12125,39,44.724998,46.839001
12127,44,50.070999,54.640999
12129,47,45.494999,48.279999
12131,45,44.705002,48.652
12133,42,43.036999,43.745998
13001,41,42.901001,47.007999
13003,42,46.215,48.543999
13005,50,46.285999,44.219002
13007,40,45.674999,48.745998
13009,44,48.044998,50.275002
13011,52,43.917,44.557999
13013,40,43.849998,47.870998
13015,43,41.893002,44.973
13017,44,47.453999,50.571999
13019,45,43.681,45.291
13021,40,49.129002,53.709999
13023,46,44.942001,45.141998
13025,43,41.747002,44.106998
13027,41,47.008999,50.006001
13029,47,45.409,49.125
13031,48,50.181999,52.808998
13033,39,47.195,49.394001
13035,44,44.979,47.594002
13037,46,54.636002,56.564999
13039,44,46.513,49.287998
13043,50,46.376999,47.75
13045,44,44.826,48.877998
13047,42,42.417999,45.073002
13049,43,46.870998,47.726002
13051,44,52.573002,56.778999
13053,46,53.658001,57.953999
13055,40,42.658001,44.574001
13057,49,45.880001,50.596001
13059,49,57.167,61.323002
13061,40,52.179001,56.926998
13063,49,57.512001,60.851002
13065,40,43.648998,45.41
13067,46,52.898998,58.754002
13069,44,46.361,47.827999
13071,44,46.539001,52.103001
13073,44,45.319,48.674
13075,42,44.215,46.839001
13077,45,44.509998,48.782001
13079,45,46.036999,45.764
13081,42,46.081001,48.689999
13083,46,42.312,46.533001
13085,43,42.478001,46.636002
13087,44,47.235001,50.207001
13089,53,60.271,63.848999
13091,39,43.236,46.019001
13093,49,47.087002,50.527
13095,48,56.134998,58.145
13097,44,53.577,56.877998
13099,39,47.040001,47.655998
13101,44,44.716,51.077
13103,44,41.688999,44.909
13105,44,45.192001,46.276001
13107,48,46.227001,48.653
13109,45,48.321999,51.07
13111,50,45.219002,49.016998
13113,43,48.481998,53.626999
13115,44,44.358002,47.595001
13117,48,45.771,51.660999
13119,43,43.348,45.25
13121,56,62.709999,66.296997
13123,48,44.719002,50.573002
13125,39,40.785999,44.013
13127,45,48.313,51.547001
13129,40,42.439999,46.363998
13131,44,47.063,50.025002
13133,42,45.535999,49.205002
13135,50,52.938,58.249001
13137,45,41.891998,44.679001
13139,47,45.797001,49.467999
13141,42,50.580002,51.293999
13143,42,41.308998,43.383999
13145,42,42.049,44.991001
13147,45,43.226002,47.358002
13149,43,39.737,41.305
13151,46,51.666,55.741001
13153,42,48.480999,51.103001
13155,42,44.429001,46.493
13157,45,42.762001,45.726002
13159,41,44.241001,47.339001
13161,40,42.129002,44.634998
13163,43,49.233002,52.299
13165,46,49.390999,52.455002
13167,42,46.544998,49.199001
13169,45,47.034,48.613998
13171,52,49.618,50.265999
13173,40,44.397999,47.652
13175,38,43.833,47.125
13177,44,42.382,46.716
13179,44,53.068001,55.388
13181,40,44.687,45.82
13183,52,50.637001,52.967999
13185,42,48.27,50.835999
13187,47,42.855999,45.369999
13189,41,51.652,49.569
13191,41,41.334999,50.402
13193,40,47.958,58.470001
13195,43,47.620998,46.875999
13197,52,49.506001,50.691002
13199,43,48.056999,51.214001
13201,40,43.09,44.631001
13205,45,51.999001,55.022999
13207,40,40.497002,43.893002
13209,39,42.592999,45.610001
13211,42,43.245998,47.111
13213,40,42.507,44.876999
13215,48,53.886002,57.279999
13217,44,49.875,53.514999
13219,49,46.014,49.813999
13221,47,44.299,47.438999
13223,44,44.285,48.166
13225,42,51.008999,55.616001
13227,46,43.021999,47.573002
13229,49,41.443001,43.941002
13231,42,39.808998,42.569
13233,47,45.464001,47.227001
13235,39,44.582001,46.549999
13237,42,46.634998,49.507999
13239,43,50.550999,49.617001
13241,47,47.215,52.018002
13243,53,54.292,58.624001
13245,44,54.544998,57.421001
13247,46,55.303001,59.737999
13249,41,43.512001,44.473999
13251,40,45.914001,49.957001
13253,39,47.200001,49.546001
13255,40,45.216,47.303001
13257,48,44.633999,45.907001
13259,48,54.207001,55.139
13261,44,49.723,52.765999
13263,48,53.59,56.014
13265,39,50.597,53.84
13267,40,44.277,48.985001
13269,41,47.117001,48.932999
13271,39,45.138,48.514999
13273,41,49.487999,53.509998
13275,41,46.160999,49.952999
13277,50,47.842999,49.528999
13279,41,44.386002,49.09
13281,51,46.202999,49.477001
13283,39,47.208,51.571999
13285,41,46.327,49.313999
13287,41,46.084,49.255001
13289,50,48.373001,49.263
13291,40,40.41,44.985001
13293,45,46.424999,48.555
13295,42,42.518002,44.554001
13297,43,42.848999,46.250999
13299,44,46.505001,47.726002
13301,40,47.919998,50.547001
13303,39,47.441002,51.234001
13305,42,43.966999,47.43
13307,39,43.818001,44.756001
13309,43,44.73,45.874001
13311,46,42.196999,46.119999
13313,49,47.952999,50.986
13315,40,43.356998,45.452999
13317,41,46.667,49.153
13319,42,45.463001,49.862
13321,41,43.674999,45.919998
15001,60,62.112,66.042999
15003,60,63.228001,67.545998
15005,48,53.400002,64.139
15007,60,61.071999,63.155998
15009,58,60.264999,63.723
16001,49,50.626999,54.419998
16003,44,45.449001,49.394001
16005,45,49.854,53.536999
16007,52,45.212002,46.674
16009,39,44.500999,45.891998
16011,42,44.34,48.002998
16013,44,55.750999,60.116001
16015,44,51.023998,53.569
16017,43,46.896999,50.050999
16019,48,47.151001,50.824001
16021,46,46.501999,46.327
16023,42,42.129002,42.417
16025,42,46.108002,49.186001
16027,41,45.160999,48.331001
16029,40,40.460999,45.952999
16031,52,45.181,48.471001
16033,42,46.164001,52.749001
16035,39,44.749001,48.299
16037,42,45.145,49.776001
16039,45,45.918999,48.159
16041,45,38.886002,43.792999
16043,44,43.167999,46.758999
16045,47,46.667,47.504002
16047,44,45.176998,47.002998
16049,43,44.117001,47.907001
16051,42,40.691002,46.105999
16053,45,45.512001,47.834999
16055,42,45.625999,46.943001
16057,54,57.035999,61.548
16059,44,45.228001,47.508999
16061,45,45.283001,48.063
16063,49,51.001999,53.942001
16065,45,42.452,47.754002
16067,41,43.612,46.488998
16069,43,47.282001,49.778999
16071,40,38.918999,44.789001
16073,42,45.576,48.830002
16075,43,44.069,45.577999
16077,43,47.521999,51.619999
16079,44,50.564999,49.159
16081,43,50.469002,56.832001
16083,42,44.882,48.752998
16085,41,49.095001,51.058998
16087,52,46.574001,48.984001
17001,46,46.800999,50.053001
17003,43,50.948002,53.131001
17005,43,46.396,51.035999
17007,45,50.532001,55.069
17009,40,47.959,47.442001
17011,43,48.214001,51.650002
17013,48,49.403,50.176998
17015,47,51.004002,52.146
17017,47,50.868,54.558998
17019,55,57.237999,64.481003
17021,44,44.226002,46.716999
17023,42,44.320999,48.752998
17025,41,42.02,45.014
17027,45,46.119999,49.632999
17029,44,49.595001,53.175999
17031,57,62.881001,66.824997
17033,42,43.852001,48.111
17035,41,44.054001,46.431
17037,46,52.530998,57.668999
17039,45,45.838001,48.993999
17041,43,45.523998,50.789001
17043,46,54.536999,59.459999
17045,47,44.611,47.584
17047,40,40.894001,43.915001
17049,47,43.216999,47.893002
17051,45,44.584999,46.798
17053,45,45.438,49.803001
17055,45,46.953999,49.271999
17057,45,50.988998,51.292
17059,43,45.752998,47.91
17061,45,46.431,48.783001
17063,48,49.073002,51.028999
17065,47,44.981998,48.365002
17067,44,46.566002,48.272999
17069,40,43.338001,47.002998
17071,52,48.506001,48.956001
17073,47,50.993999,52.165001
17075,44,43.779999,48.981998
17077,53,56.118,59.391998
17079,39,40.404999,44.685001
17081,47,46.592999,49.287998
17083,45,46.695999,48.587002
17085,45,50.609001,53.888
17087,40,41.583,45.233002
17089,48,52.445,58.525002
17091,47,51.136002,54.787998
17093,49,51.981998,56.896999
17095,46,52.956001,55.273998
17097,58,57.564999,62.629002
17099,44,47.627998,50.186001
17101,49,46.568001,48.577999
17103,46,47.713001,51.699001
17105,41,44.622002,49.737999
17107,42,45.053001,50.458
17109,46,49.332001,54.903
17111,44,47.063999,51.368999
17113,48,53.75,58.323002
17115,48,48.352001,54.143002
17117,47,48.872002,50.660999
17119,46,48.834999,52.021999
17121,46,45.922001,48.903999
17123,46,51.703999,50.501999
17125,45,47.800999,50.035999
17127,38,42.792,43.09
17129,45,49.431999,52.012001
17131,41,48.276001,49.479
17133,44,42.969002,48.292999
17135,45,46.583,46.685001
17137,47,50.648998,52.570999
17139,45,45.433998,48.5
17141,43,47.543999,51.178001
17143,48,51.095001,55.429001
17145,50,46.987,47.091
17147,42,45.462002,50.640999
17149,44,45.465,48.015999
17151,42,44.455002,47.012001
17153,41,46.132999,50.123001
17155,45,48.095001,48.73
17157,43,45.108002,47.249001
17159,52,46.015999,48.453999
17161,47,52.654999,55.793999
17163,47,52.546001,56.338001
17165,45,45.212002,47.709999
17167,45,48.069,53.169998
17169,49,48.826,49.455002
17171,42,45.580002,47.624001
17173,44,44.118999,48.027
17175,46,47.134998,51.439999
17177,47,51.081001,54.618999
17179,43,46.874001,49.921001
17181,43,47.432999,50.266998
17183,49,49.806,52.056
17185,41,39.609001,43.507
17187,45,51.910999,55.555
17189,44,43.962002,46.323002
17191,42,41.063,46.229
17193,44,44.216,49.904999
17195,46,51.769001,53.091
17197,52,53.182999,56.886002
17199,52,48.585999,50.171001
17201,49,51.084999,55.493999
17203,42,44.095001,48.960999
18001,43,46.092999,51.219002
18003,44,47.693001,51.409
18005,44,47.734001,51.862
18007,44,46.243,50.820999
18009,44,46.501999,49.048
18011,44,45.485001,51.471001
18013,50,49.860001,51.701
18015,46,45.217999,47.221001
18017,41,46.472,49.999001
18019,47,48.778,52.229
18021,44,45.181999,48.431
18023,44,46.926998,51.629002
18025,41,47.207001,47.535999
18027,44,43.193001,48.922001
18029,40,42.596001,47.164001
18031,43,44.092999,48.870998
18033,46,45.646999,48.499001
18035,47,51.057999,54.756001
18037,45,46.209,47.910999
18039,43,48.318001,54.341
18041,42,47.150002,48.495998
18043,43,46.860001,51.823002
18045,45,45.727001,47.099998
18047,42,43.729,45.195
18049,41,45.634998,49.561001
18051,39,40.824001,44.372002
18053,42,46.533001,50.171001
18055,39,44.534,46.423
18057,46,48.419998,55.249001
18059,41,44.216999,47.992001
18061,45,45.640999,47.296001
18063,42,45.528,49.820999
18065,39,45.683998,47.925999
18067,45,47.868,50.187
18069,43,44.252998,47.514
18071,43,45.816002,49.964001
18073,38,43.743999,46.237999
18075,47,47.516998,50.354
18077,40,46.047001,48.120998
18079,41,48.625,48.300999
18081,42,44.743999,48.448002
18083,46,44.598,45.962002
18085,43,44.181,49.769001
18087,44,48.487,54.535999
18089,46,53.653,58.382
18091,46,51.410999,53.123001
18093,47,46.146999,47.581001
18095,46,49.030998,52.001999
18097,53,55.924999,60.132
18099,42,46.305,49.311001
18101,41,42.208,46.472
18103,53,47.388,48.918999
18105,55,59.696999,65.307999
18107,43,45.102001,48.425999
18109,45,44.761002,48.205002
18111,41,45.881001,48.007999
18113,41,45.459999,48.912998
18115,39,39.467999,43.154999
18117,41,45.936001,48.708
18119,49,48.458,48.997002
18121,41,43.757,46.882
18123,40,48.562,49.610001
18125,37,41.373001,43.140999
18127,43,50.372002,52.894001
18129,38,43.393002,46.275002
18131,44,46.323002,49.205002
18133,40,45.189999,49.681
18135,47,46.924999,49.448002
18137,44,44.650002,47.360001
18139,42,44.640999,46.889
18141,45,50.776001,55.037998
18143,45,51.174999,51.537998
18145,44,46.957001,50.09
18147,36,41.816002,45.126999
18149,41,46.681,49.278999
18151,44,45.542999,50.074001
18153,39,42.595001,43.285999
18155,40,42.923,48.300999
18157,48,51.870998,58.423
18159,43,44.973,47.808998
18161,47,44.071999,49.152
18163,45,48.823002,53.200001
18165,36,43,46.734001
18167,45,50.976002,54.033001
18169,46,44.351002,47.014999
18171,44,45.223999,48.736
18173,39,42.791,47.368999
18175,43,46.730999,49.536999
18177,47,49.662998,51.094002
18179,41,43.220001,46.355
18181,43,47.001999,49.751999
18183,45,46.389,49.240002
19001,44,48.828999,49.736
19003,50,50.872002,51.743999
19005,41,49.955002,52.132999
19007,42,49.32,49.436001
19009,45,49.592999,50.081001
19011,46,49.879002,51.764
19013,46,54.751999,57.262001
19015,42,50.914001,52.313999
19017,47,49.778999,53.577999
19019,41,50.474998,52.431999
19021,48,52.484001,55.752998
19023,42,46.938999,48.727001
19025,41,47.043999,49.641998
19027,42,48.654999,50.201
19029,43,47.264999,49.438999
19031,46,50.062,51.620998
19033,45,51.827,53.499001
19035,45,47.522999,48.519001
19037,41,50.118,52.159
19039,42,49.910999,51.546001
19041,46,49.307999,50.791
19043,42,49.421001,51.279999
19045,44,51.839001,52.502998
19047,46,50.616001,52.256001
19049,45,50.404999,53.787998
19051,46,50.234001,52.659
19053,46,52.692001,55.816002
19055,44,49.546001,51.300999
19057,50,54.131001,53.555
19059,49,46.523998,49.433998
19061,46,52.012001,54.487999
19063,43,48.534,49.491001
19065,52,52.896,53.352001
19067,43,50.894001,52.376999
19069,44,47.896,50.577999
19071,42,44.063999,45.933998
19073,42,48.797001,51.02
19075,40,45.187,48.033001
19077,49,48.740002,51.229
19079,43,48.202999,50.355
19081,45,46.333,49.097
19083,40,46.750999,49.338001
19085,43,48.217999,50.188999
19087,46,48.956001,50.790001
19089,48,53.752998,52.104
19091,40,45.499001,46.862999
19093,41,45.521999,47.803001
19095,44,49.348,51.978001
19097,40,51.096001,52.5
19099,45,49.991001,52.054001
19101,44,53.734001,55.428001
19103,57,61.224998,65.619003
19105,42,51.210999,51.994999
19107,46,50.626999,51.360001
19109,45,46.963001,48.509998
19111,45,50.351002,49.638
19113,47,52.952,56.345001
19115,43,48.723,51.146999
19117,43,47.641998,48.116001
19119,42,41.779999,45.397999
19121,50,48.187,50.132
19123,44,47.754002,49.662998
19125,45,48.16,51.629002
19127,42,52.202999,56.216999
19129,44,44.638,46.369999
19131,42,50.030998,51.778999
19133,47,47.716999,48.277
19135,41,45.577999,47.262001
19137,42,45.896999,49.542999
19139,44,49.923,51.627998
19141,45,45.282001,48.831001
19143,45,45.969002,47.965
19145,51,45.341999,48.748001
19147,44,48.799,51.007999
19149,43,45.258999,47.787998
19151,43,47.923,50.120998
19153,49,52.730999,56.026001
19155,47,49.705002,51.618999
19157,48,53.525002,56.866001
19159,43,50.838001,51.301998
19161,43,46.25,46.944
19163,44,51.096001,53.292
19165,43,46.845001,50.485001
19167,47,43.012001,48.573002
19169,49,54.792,59.657001
19171,45,52.022999,53.610001
19173,52,51.296001,52.507
19175,43,51.793999,52.053001
19177,44,47.912998,49.653
19179,44,49.332001,50.161999
19181,43,48.710999,51.304001
19183,54,52.967999,52.502998
19185,49,49.301998,49.82
19187,43,49.800999,50.648998
19189,48,51.431999,52.049
19191,46,54.046001,58.719002
19193,46,50.286999,51.687
19195,42,51.063,49.848999
19197,43,48.339001,52.352001
20001,40,45.584999,49.672001
20003,41,44.316002,48.549
20005,43,46.963001,50.998001
20007,39,41.481998,44.359001
20009,44,43.662998,47.332001
20011,43,47.278,50.860001
20013,40,44.256001,48.368
20015,41,43.866001,47.915001
20017,40,45.028,50.424999
20019,44,43.057999,48.651001
20021,43,43.486,45.951
20023,47,44.688999,47.862
20025,52,46.416,49.773998
20027,49,46.806,49.328999
20029,44,45.063,48.838001
20031,43,43.294998,46.087002
20033,42,43.915001,46.710999
20035,43,46.087002,51.046001
20037,42,48.997002,50.186001
20039,42,42.952,48.030998
20041,43,43.303001,47.463001
20043,41,42.405998,45.776001
20045,49,57.66,61.736
20047,42,46.157001,49.463001
20049,43,45.402,49.244999
20051,41,43.634998,47.66
20053,43,44.342999,49.827999
20055,49,48.389,54.335999
20057,42,49.785,55.439999
20059,47,47.493999,49.786999
20061,45,49.893002,53.056
20063,40,42.157001,50.375999
20065,52,42.886002,49.115002
20067,43,45.762001,51.501999
20069,42,41.706001,46.319
20071,52,46.185001,51.198002
20073,41,42.692001,46.291
20075,40,44.382,52.988998
20077,40,43.610001,46.424999
20079,44,49.236,52.214001
20081,46,44.473,49.500999
20083,40,41.876999,45.467999
20085,40,45.297001,48.214001
20087,46,44.962002,48.087002
20089,44,42.312,46.000999
20091,46,50.082001,54.679001
20093,43,45.535,50.93
20095,45,43.040001,47.326
20097,41,41.842999,46.797001
20099,41,47.354,50.021999
20101,45,44.936001,43.805
20103,45,49.59,53.087002
20105,41,44.702999,50.245998
20107,37,39.507999,42.123001
20109,52,45.592999,46.995998
20111,45,51.525002,55.655998
20113,42,44.689999,49.618
20115,48,47.061001,49.647999
20117,41,44.105,48.222
20119,44,42.519001,49.476002
20121,42,44.549999,47.661999
20123,40,40.712002,44.164001
20125,44,44.598999,48.636002
20127,41,46.457001,51.77
20129,41,42.271999,50.278
20131,41,42.575001,47.276001
20133,39,44.112,47.805
20135,40,41.429001,46.738998
20137,41,40.932999,44.985001
20139,40,45.646,49.714001
20141,42,41.830002,46
20143,45,46.145,49.768002
20145,41,44.037998,46.974998
20147,48,43.200001,45.123001
20149,40,41.005001,46.245998
20151,42,43.800999,47.592999
20153,44,46.929001,51.298
20155,40,45.806,49.327999
20157,43,42.769001,47.164001
20159,46,46.416,48.825001
20161,45,51.859001,57.912998
20163,42,41.43,46.109001
20165,45,45.874001,49.307999
20167,40,41.550999,45.785
20169,42,46.175999,50.255001
20171,52,39.678001,43.821999
20173,43,48.937,52.855
20175,54,49.907001,57.247002
20177,49,51.481998,54.848999
20179,40,39.296001,45.740002
20181,49,45.987,46.369999
20183,51,42.827999,49.257999
20185,43,45.439999,48.806
20187,43,43.949001,50.192001
20189,50,45.949001,48.511002
20191,42,44.769001,47.381001
20193,40,41.849998,45.658001
20195,47,42.493,47.493
20197,40,40.59,46.624001
20199,42,39.832001,44.799
20201,41,42.213001,46.813999
20203,42,44.755001,52.334999
20205,40,42.27,47.259998
20207,41,44.444,48.668999
20209,47,57.993,60.644001
21001,41,41.865002,45.805
21003,42,43.941002,50.421001
21005,52,48.687,48.749001
21007,38,43.262001,44.905998
21009,40,46.127998,49.789001
21011,43,49.939999,50.033001
21013,40,42.839001,48.368
21015,48,47.381001,50.389999
21017,49,48.137001,51.043999
21019,44,49.929001,50.574001
21021,44,47.064999,51.056
21023,49,47.646999,47.084
21025,40,47.279999,51.488998
21027,44,47.005001,51.403999
21029,43,45.425999,47.610001
21031,50,43.919998,45.720001
21033,39,47.969002,49.882999
21035,43,48.679001,53.900002
21037,48,49.099998,53.792999
21039,39,43.623001,46.491001
21041,36,42.777,47.078999
21043,41,47.200001,49.269001
21045,40,41.687,45.056
21047,40,46.681999,52.229
21049,41,45.277,49.511002
21051,45,42.266998,47.699001
21053,42,40.243999,44.576
21055,39,42.487,46.737
21057,38,40.724998,44.153999
21059,42,47.096001,49.085999
21061,40,43.473999,47.583
21063,41,49.019001,47.431999
21065,39,43.648998,48.077
21067,54,56.075001,60.551998
21069,48,46.778999,47.589001
21071,40,44.506001,45.543999
21073,46,52.243999,54.813999
21075,38,41.445999,46.993
21077,39,44.775002,45.800999
21079,42,43.241001,47.092999
21081,38,43.699001,46.932999
21083,40,44.813999,46.073002
21085,41,45.081001,46.771
21087,39,43.061001,46.327999
21089,43,46.209999,47.758999
21091,38,45.339001,44.835999
21093,42,46.702999,50.438
21095,43,41.855999,47.137001
21097,48,46.037998,49.280998
21099,44,47.400002,51.063999
21101,46,46.337002,48.616001
21103,42,46.629002,50.176998
21105,40,43.652,47.071999
21107,47,45.688,46.909
21109,51,44.977001,46.104
21111,47,51.778,55.370998
21113,46,45.768002,50.535
21115,39,40.901001,44.672001
21117,47,48.917,53.140999
21119,41,42.633999,46.48
21121,41,44.278,47.223
21123,38,43.265999,46.965
21125,40,43.898998,47.054001
21127,39,40.613998,42.620998
21129,45,43.666,44.655998
21131,42,39.599998,44.014
21133,46,43.451,45.442001
21135,45,42.576,43.014
21137,40,44.506001,48.423
21139,38,42.134998,45.022999
21141,41,43.980999,46.618999
21143,40,45.409,48.979
21145,41,44.872002,49.933998
21147,39,44.558998,45.623001
21149,46,47.389,45.483002
21151,43,47.187,51.963001
21153,45,40.848999,48.138
21155,48,48.391998,50.584999
21157,43,46.673,48.097
21159,37,40.006001,43.529999
21161,39,41.108002,46.388
21163,38,44.382,46.116001
21165,38,46.601002,47.651001
21167,38,44.165001,48.053001
21169,39,44.500999,48.526001
21171,41,42.360001,46.220001
21173,39,45.036999,48.813999
21175,40,44.119999,46.181999
21177,40,41.766998,43.726002
21179,43,49.715,49.139999
21181,51,45.641998,52.303001
21183,40,41.905998,44.945
21185,48,48.526001,51.578999
21187,41,44.844002,48.887001
21189,46,44.111,46.097
21191,39,41.830002,43.894001
21193,42,41.665001,46.401001
21195,42,43.893002,48.154999
21197,45,46.199001,51.574001
21199,41,41.115002,44.910999
21201,40,46.134998,48.210999
21203,40,40.258999,44.388
21205,45,50.695,54.778
21207,40,40.765999,44.931
21209,40,47.431,51.247002
21211,44,48.882,51.764
21213,40,44.588001,46.159
21215,43,42.997002,46.687
21217,45,43.999001,47.412998
21219,47,43.452,47.359001
21221,41,43.606998,46.377998
21223,35,41.549,46.754002
21225,44,45.131001,48.481998
21227,43,48.957001,54.290001
21229,49,45.987,48.727001
21231,40,44,47.164001
21233,38,41.279999,45.372002
21235,43,43.146999,45.507
21237,45,48.935001,48.733002
21239,43,49.921001,54.067001
22001,40,42.530998,46.945999
22003,40,42.634998,46.772999
22005,46,46.841999,49.848
22007,40,47.574001,47.346001
22009,41,45.887001,48.271999
22011,42,40.976002,45.569
22013,40,48.251999,50.237999
22015,42,44.560001,47.566002
22017,45,50.616001,51.688999
22019,41,45.532001,47.546001
22021,45,45.522999,48.188
22023,42,38.446999,43.035
22025,41,44.348999,44.344002
22027,43,45.476002,48.459999
22029,41,44.959999,46.477001
22031,38,44.071999,46.942001
22033,43,50.972,54.137001
22035,45,49.748001,50.640999
22037,48,46.445,48.294998
22039,41,45.258999,46.363998
22041,40,43.033001,45.926998
22043,50,43.907001,44.483002
22045,43,48.382,48.883999
22047,42,48.426998,49.703999
22049,40,43.530998,48.977001
22051,46,49.389999,53.391998
22053,43,43.995998,49.173
22055,44,47.097,50.91
22057,43,43.679001,47.368
22059,39,39.518002,42.810001
22061,44,49.207001,52.110001
22063,43,41.198002,45.002998
22065,40,49.112999,51.139
22067,38,45.705002,48.118
22069,43,49.386002,50.643002
22071,55,61.748001,65.417
22073,43,46.994999,49.042999
22075,39,44.807999,47.776001
22077,35,44.436001,47.841
22079,46,45.722,49.691002
22081,41,45.416,49.526001
22083,40,43.499001,45.958
22085,45,43.249001,47.451
22087,46,47.126999,49.192001
22089,38,43.950001,46.941002
22091,41,49.306,50.653999
22093,42,48.625999,51.451
22095,41,51.881001,54.062
22097,39,47.284,49.599998
22099,44,47.056,49.554001
22101,41,46.43,49.497002
22103,44,44.988998,48.641998
22105,41,45.981998,49.691002
22107,39,48.174,48.944
22109,46,44.551998,47.372002
22111,38,41.901001,44.946999
22113,38,41.589001,46.449001
22115,41,42.308998,45.292
22117,39,44.334,48.507999
22119,42,45.826,47.555
22121,41,45.307999,46.827
22123,38,39.673,43.002998
22125,35,41.598,43.183998
22127,42,43.890999,46.641998
23001,52,54.949001,57.105
23003,48,51.422001,53.618999
23005,50,56.374001,60.507
23007,54,56.674999,57.525002
23009,53,57.282001,61.148998
23011,49,53.790001,55.759998
23013,52,56.726002,60.834999
23015,53,54.699001,56.992001
23017,45,52.084,53.959999
23019,51,53.446999,56.761002
23021,42,49.321999,51.464001
23023,47,55.292999,59.280998
23025,48,52.312,53.771999
23027,54,54.666,58.493
23029,45,50.981998,55.000999
23031,53,56.305,58.373001
24001,46,46.646999,48.063999
24003,45,51.599998,55.573002
24005,50,55.611,59.830002
24009,48,50.257999,52.083
24011,52,46.832001,48.606998
24013,46,46.890999,50.226002
24015,43,48,50.188
24017,51,56.403999,58.807999
24019,44,48.557999,52.042999
24021,49,53.615002,57.542999
24023,45,43.261002,46.581001
24025,46,49.473999,52.577
24027,52,57.689999,61.297001
24029,49,52.412998,58.831001
24031,62,65.677002,70.753998
24033,49,60.528,63.806
24035,49,48.068001,51.528999
24037,46,49.105,50.535999
24039,51,52.123001,50.028999
24041,43,48.332001,53.77
24043,44,49.563,52.139
24045,47,50.112999,52.452
24047,48,49.657001,52.91
24510,52,57.965,62.710999
25001,49,53.962002,58.148998
25003,45,56.41,61.521999
25005,55,57.186001,60.622002
25007,56,58.298,63.258999
25009,49,55.498001,60.721001
25011,55,58.050999,62.213001
25013,52,55.535,59.181
25015,59,61.492001,65.259003
25017,54,60.104,64.322998
25019,49,54.645,64.922997
25021,59,59.726002,65.342003
25023,53,55.737,60.210999
25025,65,65.585999,70.025002
25027,55,54.492001,59.766998
26001,43,46.605999,49.279999
26003,53,50.389999,55.056999
26005,46,48.997002,52.654999
26007,45,49.444,50.674
26009,45,48.384998,54.076
26011,43,48.646,50.240002
26013,50,50.591999,50.901001
26015,44,47.716,49.987
26017,42,50.969002,52.740002
26019,46,50.352001,55.345001
26021,43,48.449001,52.909
26023,42,47.109001,49.819
26025,43,51.233002,54.459999
26027,41,46.284,50.290001
26029,45,49.858002,53.987
26031,48,49.188999,51.165001
26033,49,50.952999,54.612
26035,46,50.303001,52.227001
26037,44,48.355,53.082001
26039,41,48.355999,52.778999
26041,42,48.438,51.664001
26043,44,47.646,50.280998
26045,47,51.02,54.264999
26047,43,48.641998,54.616001
26049,51,55.841,57.848
26051,47,49.104,51.153999
26053,45,52.001999,54.431999
26055,47,49.742001,54.229
26057,45,51.169998,53.66
26059,43,47.27,49.891998
26061,48,50.264999,55.780998
26063,42,46.963001,49.381001
26065,54,59.564999,63.751999
26067,44,47.955002,51.158001
26069,46,48.905998,50.699001
26071,44,47.825001,50.465
26073,47,53.583,57.328999
26075,42,49.257,53.019001
26077,48,55.397999,58.730999
26079,46,49.68,51.484001
26081,50,50.824001,57.09
26083,45,49.112999,52.813
26085,43,50.231998,52.464001
26087,44,47.548,49.458
26089,48,53.894001,58.924999
26091,47,49.325001,51.748001
26093,44,45.516998,49.805
26095,48,47.881001,52.231998
26097,48,51.087002,56.216999
26099,42,50.118999,52.783001
26101,44,50.938999,53.686001
26103,44,51.577,55.759998
26105,43,50.000999,53.304001
26107,46,50.662998,53.591999
26109,43,48.089001,51.830002
26111,45,47.698002,51.488998
26113,45,45.383999,49.397999
26115,44,49.092999,51.631001
26117,44,49.785999,51.525002
26119,41,44.986,47.664001
26121,44,52.048,54.106998
26123,46,47.604,51.647999
26125,45,52.023998,57.851002
26127,43,49.228001,53.305
26129,46,48.639,49.73
26131,46,47.676998,50.817001
26133,48,48.571999,50.862999
26135,43,47.750999,49.952
26137,44,46.825001,49.643002
26139,43,46.337002,51.958
26141,42,49.544998,52.126999
26143,50,50.358002,52.075001
26145,42,50.511002,53.664001
26147,42,47.466999,49.210999
26149,44,49.217999,53.481998
26151,42,47.327999,49.973999
26153,45,49.530998,53.027
26155,44,51.310001,53.183998
26157,46,48.875999,51.046001
26159,44,50.891998,54.09
26161,54,62.194,66.768997
26163,47,55.154999,59.16
26165,43,47.702999,51.237
27001,43,48.963001,51.527
27003,44,47.743,51.689999
27005,44,48.768002,51.514
27007,49,53.915001,56.437
27009,52,51.071999,50.855999
27011,48,47.220001,49.807999
27013,42,51.174,55.717999
27015,45,47.201,49.969002
27017,41,51.825001,53.594002
27019,48,50.546001,54.625
27021,47,48.883999,51.499001
27023,42,49.275002,50.34
27025,46,48.643002,51.176998
27027,47,52.804001,55.966
27029,44,48.307999,49.558998
27031,49,54.939999,60.066002
27033,44,48.826,51.865002
27035,45,48.980999,51.098
27037,48,51.317001,55.159
27039,44,48.021,50.139
27041,45,48.005001,49.326
27043,42,48.339001,50.198002
27045,42,51.416,53.660999
27047,42,50.575001,51.710999
27049,44,49.272999,52.247002
27051,44,48.280998,53.105999
27053,59,62.567001,66.455002
27055,42,48.91,51.311001
27057,43,47.375999,50.147999
27059,41,47.424,49.542999
27061,42,48.863998,51.007999
27063,43,47.57,48.810001
27065,45,49.348,50.835999
27067,41,47.063,48.574001
27069,47,51.682999,54.098
27071,44,51.775002,53.606998
27073,47,51.084,52.046001
27075,41,51.847,56.167
27077,45,47.009998,54.417
27079,43,49.030998,50.243999
27081,43,50.278,50.689999
27083,43,49.487999,52.229
27085,40,49.695,46.370998
27087,49,50.166,55.900002
27089,47,49.451,51.735001
27091,44,47.301998,48.240002
27093,40,45.507999,47.055
27095,44,48.249001,50.151001
27097,45,47.075001,48.541
27099,48,54.174999,55.681999
27101,44,49.875999,50.439999
27103,48,54.115002,55.778
27105,45,51.535,54.453999
27107,47,50.653,52.630001
27109,44,51.487999,56.429001
27111,43,47.980999,50.544998
27113,42,50.547001,52.491001
27115,49,51.469002,53.02
27117,47,48.625,51.667
27119,42,48.049999,49.580002
27121,44,49.790001,50.785
27123,56,59.893002,62.847
27125,52,50.000999,50.439999
27127,45,46.355999,49.714001
27129,42,48.125999,49.485001
27131,49,55.938999,59.047001
27133,41,47,49.988998
27135,45,48.681999,51.096001
27137,45,54.758999,56.702999
27139,45,49.332001,52.805
27141,40,45.532001,48.118
27143,45,47.407001,49.804001
27145,44,48.575001,51.867001
27147,49,51.334999,52.144001
27149,48,51.563,54.379002
27151,42,51.021999,51.605999
27153,43,48.083,49.675999
27155,47,52.859001,54.639
27157,47,50.993999,51.877998
27159,41,45.665001,48.817001
27161,43,48.523998,49.509998
27163,51,55.311001,58.605999
27165,52,51.733002,53.081001
27167,44,46.764999,49.213001
27169,45,53.25,56.147999
27171,43,45.657001,48.373001
27173,44,49.911999,51.213001
28001,42,49.576,52.993
28003,39,41.347,45.780998
28005,43,47.581001,50.540001
28007,41,46.301998,50.736
28009,38,44.827999,48.391998
28011,43,55.157001,57.167
28013,41,45.706001,47.721001
28015,38,41.785999,45.469002
28017,41,48.206001,50.758999
28019,36,39.872002,45.158001
28021,47,54.139999,57.52
28023,49,48.881001,51.933998
28025,42,50.285,52.056
28027,43,53.356998,56.162998
28029,42,49.872002,51.563
28031,39,45.354,49.450001
28033,45,45.580002,49.282001
28035,47,50.150002,53.619999
28037,40,44.827,48.237999
28039,39,41.259998,46.213001
28041,39,42.575001,47.132999
28043,42,47.685001,49.632
28045,45,43.067001,46.109001
28047,46,47.612999,50.605999
28049,43,53.056999,56.640999
28051,41,52.605,55.555
28053,40,51.805,55.255001
28055,40,50.499001,49.473999
28057,38,39.895,44.083
28059,42,45.418999,49.275002
28061,39,48.936001,52.875
28063,40,52.542,54.256001
28065,47,49.263,52.678001
28067,48,45.164001,47.445
28069,40,50.592999,55.389
28071,42,48.299,53.388
28073,43,43.363998,48.458
28075,41,46.408001,50.326
28077,45,47.035999,49.639
28079,40,47.311001,53.742001
28081,43,47.040001,49.595001
28083,40,51.755001,53.636002
28085,40,46.209,46.813
28087,42,48.237999,51.182999
28089,46,49.827,52.025002
28091,41,45.226002,48.638
28093,43,50.384998,52.519001
28095,40,45.102001,47.557999
28097,43,45.095001,48.742001
28099,43,45.167,50.382
28101,42,44.416,47.348999
28103,41,52.799,59.974998
28105,43,51.278,55.606998
28107,40,46.851002,50.612999
28109,40,41.460999,45.429001
28111,40,42.195,45.554001
28113,43,49.938999,52.476002
28115,40,44.818001,46.234001
28117,38,42.917999,46.307999
28119,41,52.546001,54.398998
28121,42,44.068001,47.243
28123,44,48.715,52.949001
28125,45,54.860001,55.808998
28127,42,46.278999,48.129002
28129,41,41.463001,45.111
28131,46,45.362999,49.485001
28133,41,53.742001,56.398998
28135,41,50.556,53.683998
28137,40,45.486,48.737999
28139,41,42.886002,46.874001
28141,40,41.202999,42.507
28143,41,51.433998,54.830002
28145,43,43.784,45.304001
28147,49,50.743,50.780998
28149,41,49.599998,51.591999
28151,44,54.166,54.650002
28153,41,46.688,51.063
28155,41,42.624001,45.580002
28157,41,52.998001,53.304001
28159,41,48.354,52.724998
28161,39,46.196999,49.959999
28163,44,50.271999,53.113998
29001,41,48.549,52.701
29003,39,47.652,47.504002
29005,41,41.660999,44.814999
29007,46,46.542,49.126999
29009,43,44.696999,48.355
29011,43,42.019001,45.894001
29013,45,44.729,48.577
29015,44,46.297001,48.799999
29017,40,44.481998,49.189999
29019,48,54.290001,58.917
29021,47,50.771999,52.201
29023,41,44.151001,47.569
29025,45,45.262001,46.422001
29027,50,48.220001,49.604
29029,42,45.144001,47.542
29031,46,45.870998,49.393002
29033,44,44.515999,48.488998
29035,51,47.224998,48.252998
29037,45,47.119999,50.272999
29039,44,43.692001,45.268002
29041,44,42.568001,45.84
29043,43,44.103001,47.608002
29045,42,48.199001,47.698002
29047,47,50.728001,54.473999
29049,42,47.791,48.889
29051,46,47.313999,49.528
29053,46,46.200001,48.705002
29055,42,46.242001,46.973
29057,42,43.182999,50.346001
29059,43,45.094002,50.841
29061,48,47.841999,49.491001
29063,39,43.491001,47.495998
29065,41,42.721001,46.526001
29067,44,44.345001,47.5
29069,43,44.176998,47.014
29071,40,43.904999,47.140999
29073,42,44.116001,47.212002
29075,46,47.007999,51.009998
29077,48,49.451,53.928001
29079,46,45.191002,47.916
29081,39,42.856998,46.949001
29083,39,42.837002,46.096001
29085,40,45.374001,48.081001
29087,40,42.872002,46.261002
29089,49,48.681,51.599998
29091,41,44.516998,46.582001
29093,41,47.360001,47.360001
29095,51,56.146,58.914001
29097,41,45.062,48.694
29099,42,46.958,48.077999
29101,51,46.743,50.589001
29103,44,46.437,50.285999
29105,48,47.014,48.435001
29107,41,45.869999,48.585999
29109,43,43.877998,48.326
29111,42,46.726002,50.255001
29113,42,45.402,46.779999
29115,48,49.880001,49.418999
29117,42,44.471001,48.615002
29119,44,46.129002,48.900002
29121,42,44.382999,46.870998
29123,40,43.327,45.709999
29125,41,46.320999,49.838001
29127,43,43.870998,48.264
29129,41,43.519001,47.414001
29131,45,44.848,48.394001
29133,52,46.629002,49.512001
29135,46,44.247002,47.937
29137,40,45.226002,47.752998
29139,44,45.497002,47.756001
29141,44,50.154999,53.424
29143,39,42.879002,44.426998
29145,47,44.757,47.912998
29147,46,49.203999,51.917999
29149,51,47.719002,46.817001
29151,47,44.375999,46.490002
29153,42,44.143002,46.558998
29155,40,47.242001,48.245998
29157,42,44.716999,46.206001
29159,41,46.049999,48.162998
29161,45,46.036999,50.250999
29163,38,44.416,46.914001
29165,46,49.034,53.344002
29167,44,43.627998,48.067001
29169,46,48.964001,53.452999
29171,41,42.979,46.738998
29173,40,44.18,45.965
29175,38,41.237,44.740002
29177,43,46.02,47.585999
29179,42,46.742001,49.171001
29181,45,44.462002,48.271
29183,45,47.800999,51.165001
29185,44,45.799,49.417999
29186,39,45.714001,48.127998
29187,43,47.317001,48.604
29189,48,52.888,56.646999
29195,49,49.394001,51.172001
29197,41,46.389999,47.380001
29199,42,47.160999,51.651001
29201,46,45.974998,48.910999
29203,42,48.547001,49.917
29205,41,44.132999,46.851002
29207,44,42.511002,45.762001
29209,43,43.557999,48.359001
29211,47,48.25,50.848999
29213,45,45.839001,51.477001
29215,43,44.650002,46.715
29217,45,46.606998,48.563999
29219,41,45.963001,48.171001
29221,41,47.252998,47.351002
29223,41,44.290001,47.488998
29225,43,46.011002,48.084999
29227,47,50.123001,51.830002
29229,42,43.632,47.926998
29510,55,59.861,64.107002
30001,43,46.721001,50.702
30003,46,56.933998,59.527
30005,45,54.817001,58.335999
30007,41,43.598999,48.466
30009,47,50.863998,54.161999
30011,43,42.450001,48.051998
30013,44,49.033001,50.803001
30015,43,48.174999,53.363998
30017,48,48.326,47.945999
30019,42,42.650002,44.34
30021,53,48.438999,50.985001
30023,47,57.668999,57.054001
30025,39,40.683998,43.174999
30027,41,44.619999,49.884998
30029,44,45.277,47.831001
30031,45,50.807999,56.5
30033,43,39.265999,44.213001
30035,51,57.874001,62.237999
30037,55,45.742001,50.216
30039,44,46.738998,51.478001
30041,52,52.178001,53.921001
30043,42,46.431999,50.162998
30045,46,48.345001,51.265999
30047,46,53.710999,56.571999
30049,46,51.049,53.898998
30051,43,46.856998,51.276001
30053,42,44.652,47.081001
30055,46,46.679001,48.695
30057,45,45.738998,52.673
30059,43,45.910999,49.207001
30061,51,49.66,50.868
30063,53,57.198002,59.698002
30065,41,43.283001,47.458
30067,45,51.133999,55.325001
30069,43,47.956001,51.442001
30071,43,44.603001,47.992001
30073,43,48.457001,50.976002
30075,55,45.784,49.157001
30077,48,46.624001,49.224998
30079,43,45.707001,49.791
30081,43,46.540001,51.119999
30083,43,41.945999,44.063999
30085,48,54.758999,55.683998
30087,40,45.652,48.32
30089,41,45.212002,49.324001
30091,41,46.417,49.409
30093,49,54.828999,54.889
30095,43,46.960999,50.787998
30097,43,45.804001,50.800999
30099,44,47.187,50.997002
30101,42,44.921001,48.591999
30103,43,46.737,49.647999
30105,40,46.426998,48.745998
30107,51,47.574001,50.833
30109,53,47.835999,47.444
30111,46,48.258999,50.373001
31001,47,45.650002,47.720001
31003,42,41.917999,46.727001
31005,43,43.458,49.645
31007,43,42.57,48.514999
31009,42,41.830002,49.882999
31011,43,43.627998,48.174999
31013,40,44.958,45.801998
31015,42,42.868999,48.804001
31017,44,40.935001,45.396999
31019,47,47.456001,50.924
31021,51,49.969002,48.631001
31023,43,44.173,48.227001
31025,41,46.620998,48.564999
31027,42,43.123001,46.883999
31029,40,41.750999,45.952
31031,46,47.741001,53.643002
31033,40,42.298,46.16
31035,43,42.518002,46.293999
31037,44,47.964001,54.490002
31039,42,43.820999,48.141998
31041,40,42.436001,47.377998
31043,48,48.261002,52.463001
31045,43,47.671001,54.117001
31047,45,48.041,52.952999
31049,49,44.098,47.459
31051,41,45.855999,47.921001
31053,46,47.521,50.390999
31055,47,51.942001,55.945999
31057,42,42.286999,45.368
31059,40,43.882999,47.633999
31061,51,47.097,46.125
31063,48,44.900002,47.708
31065,40,42.316002,47.252998
31067,42,47.411999,49.258999
31069,46,44.896,47.533001
31071,41,41.519001,47.644001
31073,40,42.514999,46.257999
31075,42,41.585999,48.195999
31077,41,45.039001,48.914001
31079,43,47.397999,51.880001
31081,41,43.183998,46.599998
31083,40,41.959,46.199001
31085,43,42.207001,48.353001
31087,45,44.042,47.516998
31089,40,42.698002,47.609001
31091,43,43.638,49.526001
31093,41,45.742001,49.338001
31095,41,45.724998,49.754002
31097,41,47.196999,50.969002
31099,40,43.445999,47.425999
31101,44,45.922001,46.756001
31103,42,43.344002,51.342999
31105,41,43.773998,47.272999
31107,43,44.773998,48.388
31109,45,52.785999,56.398998
31111,37,41.009998,44.212002
31113,41,43.594002,48.702
31115,42,43.778,50.737
31117,42,45.810001,48.543999
31119,40,40.995998,47.814999
31121,40,44.459999,46.526001
31123,42,46.937,50.332001
31125,44,45.967999,47.081001
31127,42,46.335999,50.471001
31129,43,43.993,47.963001
31131,39,46.355,48.541
31133,51,45.645,50.046001
31135,48,43.665001,46.562
31137,42,43.269001,45.317001
31139,44,41.958,44.993999
31141,40,43.651001,47.959999
31143,40,42.471001,47.098999
31145,40,42.493999,46.290001
31147,42,46.125999,49.828999
31149,49,44.749001,46.791
31151,49,51.799999,53.542999
31153,41,46.319,49.912998
31155,41,46.033001,48.425999
31157,41,46.952,49.793999
31159,41,45.488998,49.277
31161,43,46.292999,50.594002
31163,47,49.867001,48.271
31165,53,46.768002,50.535
31167,40,42.715,46.133999
31169,42,44.175999,47.071999
31171,43,42.765999,50.026001
31173,44,51.112999,55.445
31175,41,42.98,48.703999
31177,41,42.806,46.601002
31179,44,46.388,50.289001
31181,51,47.664001,48.867001
31183,43,47.347,48.485001
31185,42,42.526001,47.094002
32001,43,44.841,46.402
32003,53,56.462002,58.743999
32005,45,48.433998,49.778999
32007,45,46.466999,52.791
32009,45,44.636002,48.592999
32011,44,38.609001,44.403
32013,46,45.943001,51.022999
32015,46,46.519001,51.166
32017,42,41.293999,45.971001
32019,41,46.311001,49.078999
32021,50,48.669998,51.731998
32023,45,47.518002,50.491001
32027,45,48.321999,52.477001
32029,48,43.661999,43.797001
32031,53,55.841999,57.373001
32033,43,46.212002,48.153999
32510,51,51.710999,53.820999
33001,44,49.257,51.827999
33003,47,50.646,54.570999
33005,51,56.707001,59.081001
33007,49,54.132999,56.084999
33009,49,56.473,60.694
33011,49,52.834999,57.637001
33013,47,52.716,55.5
33015,52,53.640999,56.104
33017,50,54.841999,58.862999
33019,47,55.514,58.041
34001,47,54.313999,58.073002
34003,58,60.591999,64.987
34005,53,57.089001,60.870998
34007,51,58.043999,61.438999
34009,50,51.233002,55.051998
34011,50,56.566002,58.863998
34013,57,63.530998,67.918999
34015,49,52.641998,54.842999
34017,59,64.956001,70.625
34019,49,52.032001,56.150002
34021,59,61.324001,65.213997
34023,52,58.999001,63.848999
34025,46,52.724998,57.247002
34027,46,53.775002,59.283001
34029,46,47.882999,50.207001
34031,51,58.438,62.747002
34033,45,49.608002,52.083
34035,54,57.542999,62.272999
34037,45,48.134998,50.633999
34039,51,58.43,63.601002
34041,49,50.659,54.110001
35001,59,60.391998,62.638
35003,44,47.556,50.554001
35005,52,50.016998,53.470001
35006,61,61.861,61.678001
35007,54,53.715,56.845001
35009,46,47.569,49.282001
35011,49,51.161999,51.217999
35013,53,58.938999,61.977001
35015,44,47.049999,48.755001
35017,52,56.733002,58.639999
35019,50,61.373001,62.57
35021,50,55.861,59.773998
35023,53,54.327,56.172001
35025,53,48.206001,50.761002
35027,48,50.055,54.626999
35028,44,52.814999,59.09
35029,53,55.111,58.674999
35031,47,56.851002,60.02
35033,50,61.084999,62.213001
35035,45,48.098999,52.949001
35037,56,50.856998,52.567001
35039,57,63.466,62.527
35041,49,50.852001,52.537998
35043,55,56.495998,57.550999
35045,43,44.298,47.161999
35047,55,62.775002,65.537003
35049,57,62.415001,63.792
35051,44,48.813,52.223999
35053,47,58.833,61.136002
35055,56,61.963001,64.866997
35057,44,52.279999,54.671001
35059,46,51.353001,52.52
35061,50,55.855,57.075001
36001,55,59.077999,61.752998
36003,47,48.435001,51.999001
36005,53,60.933998,66.426003
36007,50,51.887001,54.724998
36009,46,49.745998,51.668999
36011,47,52.855999,54.522999
36013,48,49.062,52.691002
36015,46,48.521,51.674
36017,49,53.108002,54.074001
36019,51,55.431,57.717999
36021,53,55.476002,58.808998
36023,50,52.029999,54.508999
36025,49,51.966,54.429001
36027,51,54.668999,58.710999
36029,54,55.563999,57.084999
36031,47,54.699001,56.632
36033,47,55.624001,56.125
36035,48,50.039001,50.787998
36037,45,47.708,50.615002
36039,51,51.276001,53.301998
36041,51,50.102001,51.738998
36043,47,50.896,51.786999
36045,52,53.832001,55.216
36047,49,56.853001,62.68
36049,44,48.949001,50.969002
36051,42,48.932999,51.479
36053,45,50.306999,53.106998
36055,50,53.855,57.598
36057,45,50.681,53.676998
36059,47,54.535,59.542
36061,68,68.167,72.898003
36063,44,48.195,48.547001
36065,50,50.604,52.654999
36067,52,55.091,58.623001
36069,50,52.348,55.426998
36071,56,56.105,59.189999
36073,46,46.306999,48.908001
36075,45,51.036999,52.368
36077,47,53.231998,56.664001
36079,54,52.691002,57.653
36081,53,59.623001,65.639
36083,53,54.819,57.330002
36085,54,55.957001,60.428001
36087,49,54.182999,60.217999
36089,45,53.075001,54.987
36091,47,52.278999,56.124001
36093,52,55.323002,57.849998
36095,48,50.150002,52.488998
36097,45,50.007999,52.549999
36099,49,52.823002,53.695
36101,46,49.790001,51.806999
36103,53,56.536999,60.441002
36105,51,54.623001,56.444
36107,52,49.533001,52.792
36109,58,62.612,67.474998
36111,56,58.229,59.648998
36113,43,49.901001,54.105
36115,50,52.604,55.208
36117,46,49.715,52.132999
36119,50,59.744999,65.830002
36121,43,44.812,47.608002
36123,54,54.497002,55.875999
37001,46,49.296001,53.077
37003,43,44.808998,46.664001
37005,43,45.66,48.098999
37007,44,50.250999,51.417
37009,45,46.448002,50.523998
37011,42,43.115002,47.744999
37013,45,47.062,48.792
37015,41,51.352001,55.018002
37017,42,49.310001,51.785
37019,42,47.042,51.261002
37021,49,54.245998,57.895
37023,46,48.584,47.616001
37025,41,46.846001,51.175999
37027,43,45.02,47.873001
37029,42,44.397999,44.862999
37031,47,46.839001,51.129002
37033,41,48.556999,52.152
37035,46,47.183998,50.077999
37037,46,54.354,59.143002
37039,41,43.591,47.269001
37041,46,50.112,52.167
37043,43,43.615002,45.995998
37045,47,47.73,48.847
37047,43,46.981998,49.675999
37049,45,48.230999,51.243999
37051,50,55.245998,58.861
37053,50,47.407001,48.064999
37055,48,51.978001,53.599998
37057,41,43.339001,45.974998
37059,41,44.312,48.333
37061,43,48.778,53.098999
37063,57,61.500999,64.283997
37065,44,53.938,55.445
37067,52,54.601002,57.172001
37069,47,50.673,54.532001
37071,42,45.901001,48.029999
37073,40,48.081001,50.200001
37075,40,43.778,47.344002
37077,41,50.325001,52.286999
37079,42,49.001999,52.59
37081,50,55.561001,59.104
37083,41,52.224998,54.605999
37085,43,47.285999,49.959999
37087,46,48.466,50.731998
37089,47,50.146999,52.604
37091,42,52.819,55.112999
37093,46,52.931,53.971001
37095,44,55.308998,56.851002
37097,44,46.240002,49.605999
37099,45,51.789001,56.228001
37101,47,48.064999,51.116001
37103,41,47.625999,51.848999
37105,43,48.515999,51.814999
37107,44,49.500999,53.068001
37109,46,45.473,48.471001
37111,43,46.043999,48.693001
37113,50,51.879002,50.324001
37115,47,52.487999,52.002998
37117,41,42.924,49.455002
37119,53,57.636002,61.217999
37121,45,44.173,47.443001
37123,51,50.855,50.534
37125,46,47.631001,50.867001
37127,48,50.021999,52.341999
37129,48,49.791,54.043999
37131,44,51.115002,53.201
37133,47,48.676998,52.07
37135,56,62.846001,65.623001
37137,49,48.257999,51.658001
37139,45,52.452,53.993999
37141,47,48.456001,51.195999
37143,51,47.075001,48.726002
37145,40,45.902,47.946999
37147,44,50.787998,54.125
37149,47,49.862,53.16
37151,45,44.205002,47.382999
37153,42,49.672001,50.848
37155,43,51.734001,53.140999
37157,41,44.786999,47.353001
37159,47,47.167,49.243999
37161,43,46.388,49.022999
37163,45,49.660999,51.987
37165,42,51.082001,52.837002
37167,43,44.098,46.693001
37169,40,42.441002,45.136002
37171,44,45.900002,46.327999
37173,54,51.535999,52.952
37175,50,51.834999,54.095001
37177,55,53.52,49.826
37179,47,47.313,50.828999
37181,45,51.757,54.759998
37183,50,55.472,59.77
37185,44,52.928001,54.226002
37187,45,49.331001,53.661999
37189,49,53.085999,59.353001
37191,44,47.938,51.634998
37193,42,44.833,46.553001
37195,47,52.946999,55.25
37197,43,43.317001,46.817001
37199,52,51.027,52.068001
38001,42,44.735001,49.193001
38003,50,52.033001,52.293999
38005,46,52.401001,56.389
38007,41,43.157001,52.801998
38009,41,45.636002,48.811001
38011,40,42.873001,45.847
38013,42,42.710999,45.862999
38015,41,44.618,47.339001
38017,42,50.665001,54.708
38019,43,48.116001,49.369999
38021,41,46.473,51.126999
38023,41,43.744999,49.161999
38025,43,45.777,50.929001
38027,48,53.705002,55.120998
38029,42,44.429001,48.921001
38031,40,45.294998,47.242001
38033,45,44.506001,49.389999
38035,45,49.627998,50.832001
38037,42,45.536999,50.910999
38039,41,46.757,49.933998
38041,42,43.230999,46.967999
38043,45,47.965,51.421001
38045,41,46.728001,51.233002
38047,42,44.741001,49.250999
38049,40,46.075001,48.756001
38051,48,47.146,50.973999
38053,50,48.458,50.962002
38055,40,42.749001,47.201
38057,37,39.488998,42.645
38059,40,44.903999,46.664001
38061,43,48.118,51.417999
38063,41,49.959999,53.507
38065,39,42.695999,47.306
38067,40,46.307999,47.737999
38069,43,47.07,46.384998
38071,42,48.469002,49.808998
38073,41,51.632999,54.556
38075,41,43.470001,45.709999
38077,45,47.494999,50.487999
38079,44,55.164001,59.021999
38081,45,51.166,54.141998
38083,54,44.005001,47.801998
38085,48,58.741001,64.622002
38087,42,44.466,51.007
38089,41,43.777,47.171001
38091,41,49.319,55.293999
38093,44,45.134998,48.488998
38095,42,50.368999,53.464001
38097,46,48.754002,51.544998
38099,40,47.484001,49.764
38101,48,47.103001,48.553001
38103,42,45.646,49.926998
38105,40,41.886002,46.313
39001,42,42.549,45.698002
39003,43,45.617001,48.445999
39005,40,44.592999,47.18
39007,46,52.363998,53.233002
39009,49,59.276001,62.570999
39011,43,43.651001,47.139999
39013,43,48.193001,48.676998
39015,42,43.528,45.953999
39017,44,47.158001,52.733002
39019,45,47.060001,48.820999
39021,41,46.138,49.176998
39023,43,49.661999,52.605
39025,46,46.605,50.963001
39027,47,45.685001,48.347
39029,42,47.299,48.741001
39031,37,45.862,48.077999
39033,42,46.150002,48.396
39035,46,54.757999,58.296001
39037,43,43.625999,46.669998
39039,44,50.068001,50.278
39041,51,48.834999,53.984001
39043,44,51.014,53.709999
39045,45,48.464001,51.945999
39047,44,46.938999,47.477001
39049,55,58.291,62.141998
39051,44,47.258999,48.223999
39053,39,41.717999,43.431
39055,43,48.080002,53.243
39057,48,49.491001,52.987
39059,42,48.084,48.499001
39061,47,54.484001,59.525002
39063,43,46.98,50.679001
39065,44,46.188,48.810001
39067,41,45.823002,48.004002
39069,42,45.855,47.741001
39071,42,45.443001,48.124001
39073,44,49.339001,49.775002
39075,46,45.599998,52.632999
39077,44,49.084999,50.452999
39079,45,45.948002,47.043999
39081,39,46.588001,48.275002
39083,47,48.026001,51.869999
39085,41,48.346001,52.311001
39087,42,48.816002,48.775002
39089,45,50.611,53.466
39091,42,46.494999,48.34
39093,46,51.707001,55.937
39095,48,54.647999,56.91
39097,44,47.102001,49.5
39099,46,51.693001,54.648998
39101,43,47.606998,48.98
39103,45,47.938,50.686001
39105,43,42.819,45.771999
39107,41,40.396,43.410999
39109,42,44.884998,48.095001
39111,39,42.280998,43.863998
39113,45,50.439999,55.652
39115,42,45.056,45.689999
39117,46,46.488998,47.516998
39119,43,47.874001,49.311001
39121,49,44.160999,45.391998
39123,46,48.733002,49.544998
39125,39,45.428001,47.702999
39127,39,48.856998,49.311001
39129,41,47.199001,48.847
39131,40,49.502998,49.264999
39133,42,49.792999,52.827999
39135,43,45.358002,47.749001
39137,46,42.674999,46.437
39139,44,46.752998,48.955002
39141,44,48.924,50.265999
39143,44,48.860001,49.537998
39145,43,48.326,48.404999
39147,47,49.43,51.719002
39149,45,44.736,47.014999
39151,46,50.403,52.548
39153,49,53.487,55.394001
39155,44,51.338001,52.737999
39157,43,47.900002,49.820999
39159,48,46.284,48.536999
39161,43,43.834999,47.310001
39163,42,47.43,47.487999
39165,47,46.853001,52.007999
39167,44,46.087002,48.713001
39169,44,48.18,52.251999
39171,45,48.952,48.372002
39173,45,51.606998,54.268002
39175,43,46.831001,47.73
40001,45,48.098999,48.653
40003,40,41.808998,46.215
40005,45,43.312,44.942001
40007,39,39.757999,44.188999
40009,38,42.891998,44.033001
40011,42,43.668999,46.257999
40013,43,46.160999,48.966999
40015,42,46.022999,49.181999
40017,45,44.549999,47.630001
40019,42,43.709999,46.772999
40021,43,50.353001,52.278999
40023,44,43.050999,42.886002
40025,45,43.965,45.27
40027,46,48.535,52.123001
40029,41,43.458,46.424
40031,47,50.713001,55.297001
40033,51,45.443001,46.035999
40035,42,44.514999,46.393002
40037,42,44.722,47.486
40039,46,44.707001,48.161999
40041,43,45.571999,47.784
40043,39,41.544998,44.452999
40045,41,39.938,42.796001
40047,43,43.317001,46.571999
40049,39,43.388,44.259998
40051,41,42.812,44.352001
40053,40,42.738998,46.300999
40055,50,47.534,47.665001
40057,41,44.396999,48.507999
40059,44,39.937,45.216
40061,40,43.814999,47.127998
40063,44,45.763,48.187
40065,49,47.734001,50.620998
40067,40,43.945,45.615002
40069,43,46.118,49.304001
40071,43,44.491001,46.755001
40073,45,42.411999,45.041
40075,40,44.939999,47.310001
40077,40,44.265999,46.493999
40079,42,45.749001,47.891998
40081,41,43.366001,45.512001
40083,45,46.088001,49.397999
40085,48,45.676998,48.311001
40087,41,40.737,45.569
40089,40,44.875999,45.951
40091,42,45.563999,47.803001
40093,39,44.637001,44.327
40095,42,51.428001,51.763
40097,39,40.811001,46.094002
40099,45,43.790001,47.679001
40101,40,45.84,49.043999
40103,37,39.735001,42.881001
40105,42,44.214001,47.462002
40107,43,47.213001,49.264
40109,53,54.513,57.009998
40111,40,47.632999,49.695
40113,45,47.398998,49.275002
40115,44,45.820999,47.078999
40117,43,44.446999,47.290001
40119,46,49.007999,52.490002
40121,41,44.331001,47.201
40123,46,46.898998,47.865002
40125,45,45.285999,47.487999
40127,41,43.431999,47.172001
40129,40,42.126999,43.714001
40131,40,41.861,44.963001
40133,39,44.374001,47.157001
40135,43,45.637001,48.058998
40137,41,43.729,46.335999
40139,43,44.563999,50.032001
40141,44,46.653999,49.233002
40143,47,48.960999,54.195999
40145,44,44.810001,47.410999
40147,45,45.219002,48.831001
40149,40,41.533001,43.805
40151,47,44.266998,46.905998
40153,40,40.085999,44.973
41001,41,45.308998,50.584
41003,57,61.456001,65.626999
41005,45,50.487999,54.043999
41007,49,54.047001,58.363998
41009,45,51.799999,53.278999
41011,45,50.330002,51.848999
41013,42,45.194,48.619999
41015,47,49.123001,52.75
41017,50,52.863998,57.75
41019,47,47.787998,49.110001
41021,42,46.851002,50.014
41023,46,45.155998,47.530998
41025,44,44.403999,48.091
41027,55,60.134998,65.080002
41029,45,50.234001,53.363998
41031,55,48.905998,55.094002
41033,44,47.810001,50.561001
41035,47,45.474998,49.813
41037,48,44.383999,49.307999
41039,53,58.374001,60.943001
41041,52,56.195999,59.153
41043,46,49.237999,51.845001
41045,49,47.390999,50.949001
41047,51,52.623001,57.004002
41049,50,43.297001,48.526001
41051,61,65.471001,68.662003
41053,47,52.418999,56.349998
41055,46,47.522999,48.445999
41057,50,52.574001,55.918999
41059,46,47.433998,49.969002
41061,52,50.970001,53.061001
41063,49,46.874001,52.374001
41065,47,52.604,55.415001
41067,52,58.918999,65.223999
41069,44,47.226002,49.867001
41071,48,50.797001,54.958
42001,42,45.786999,49.941002
42003,49,56.488998,61.173
42005,43,43.953999,47.849998
42007,42,45.360001,48.555
42009,43,41.682999,45.129002
42011,48,51.966999,56.244999
42013,43,44.801998,48.029999
42015,42,47.001999,50.125999
42017,51,52.877998,56.514
42019,42,44.700001,47.812
42021,44,45.98,47.984001
42023,45,46.605999,49.627998
42025,42,48.094002,49.630001
42027,49,53.575001,60.271
42029,50,54.931,59.868
42031,45,45.654999,48.618999
42033,44,45.603001,47.698002
42035,45,48.894001,50.990002
42037,44,47.519001,49.758999
42039,42,47.985001,51.901001
42041,48,50.939999,55.205002
42043,49,53.969002,58.418999
42045,47,54.803001,60.424
42047,41,46.653999,47.782001
42049,48,54.424999,56.532001
42051,41,46.638,48.630001
42053,40,45.868,49.095001
42055,47,46.580002,50.071999
42057,43,42.021,46.766998
42059,41,44.067001,46.186001
42061,46,46.207001,49.389
42063,44,45.118999,48.685001
42065,43,43.441002,47.131001
42067,44,45.189999,49.104
42069,44,52.959,54.790001
42071,43,48.312,52.236
42073,43,47.171001,49.981998
42075,47,48.039001,52.146
42077,48,54.220001,57.776001
42079,47,51.806,53.549
42081,47,47.007,50.327999
42083,44,46.897999,49.553001
42085,42,48.236,50.995998
42087,47,45.664001,49.405998
42089,57,57.330002,58.653
42091,51,57.459999,62.950001
42093,45,47.816002,50.946999
42095,52,55.249001,58.432999
42097,44,46.563,48.780998
42099,41,44.499001,49.529999
42101,58,62.865002,68.463997
42103,47,50.578999,53.390999
42105,46,45.303001,48.210999
42107,39,45.332001,47.09
42109,47,46.787998,50.962002
42111,47,45.299,48.138
42113,41,46.748001,50.745998
42115,44,47.133999,48.835999
42117,44,46.740002,49.573002
42119,47,48.571999,55.457001
42121,45,46.959999,49.979
42123,47,49.584,50.091
42125,44,47.714001,51.082001
42127,47,47.848999,50.977001
42129,46,49.563,52.729
42131,43,48.268002,49.901001
42133,41,47.394001,49.797001
44001,46,54.803001,59.116001
44003,51,55.209,55.866001
44005,47,55.338001,61.101002
44007,57,60.094002,62.895
44009,48,54.959999,57.606998
45001,41,46.706001,49.120998
45003,42,46.612,49.803001
45005,42,53.676998,53.972
45007,44,44.139999,47.092999
45009,40,51.296001,53.634998
45011,40,47.042999,49.589001
45013,44,50.421001,54.630001
45015,43,46.174,49.576
45017,40,47.761002,50.035999
45019,44,51.587002,56.376999
45021,43,46.370998,47.727001
45023,43,49.944,52.334
45025,40,46.805,49.398998
45027,40,49.685001,52.650002
45029,39,47.962002,51.327999
45031,42,49.280998,51.172001
45033,40,50.254002,53.299
45035,46,48.592999,51.615002
45037,43,47.653,50.205002
45039,42,52.827,54.508999
45041,40,48.796001,51.721001
45043,39,47.139,51.186001
45045,44,47.249001,50.229
45047,43,48.418999,51.158001
45049,44,53.313999,53.959999
45051,45,46.431,48.763
45053,49,52.342999,59.188999
45055,45,47.949001,49.542999
45057,45,48.458,50.562
45059,46,46.939999,48.984001
45061,43,53.223,53.841999
45063,47,47.085999,50.853001
45065,41,51.403,49.977001
45067,49,51.338001,55.042999
45069,40,46.952,52.261002
45071,41,45.888,47.667
45073,45,44.110001,47.562
45075,42,53.426998,55.161999
45077,43,45.119999,47.646999
45079,46,55.747002,59.810001
45081,43,47.514999,50.327999
45083,45,49.084999,50.314999
45085,42,50.564999,53.700001
45087,41,47.484001,48.921001
45089,45,54.452999,55.063
45091,44,48.740002,50.806999
46003,46,49.165001,53.279999
46005,45,49.265999,50.887001
46007,45,52.964001,58.569
46009,44,49.27,52.173
46011,44,51.261002,54.508999
46013,40,47.882999,51.043999
46015,45,48.751999,52.173
46017,53,59.768002,63.069
46019,51,46.743,49.737
46021,42,43.805,47.387001
46023,45,49.511002,51.000999
46025,43,49.703999,54.757
46027,51,57.584999,62.354
46029,41,46.960999,48.881001
46031,46,54.664001,60.396
46033,49,49.544998,54.028999
46035,44,48.001999,49.421001
46037,41,50.747002,53.743999
46039,41,48.223,50.630001
46041,55,57.735001,60.202
46043,44,42.949001,47.601002
46045,45,48.735001,52.831001
46047,43,46.791,53.075001
46049,51,47.632999,53.147999
46051,39,46.417999,49.068001
46053,45,46.847,50.693001
46055,42,42.895,49.110001
46057,45,47.965,49.925999
46059,52,50.027,48.645
46061,42,45.789001,49.687
46063,44,43.145,49.160999
46065,45,46.263,49.841999
46067,44,46.509998,51.701
46069,42,45.339001,51.419998
46071,45,50.192001,55.987
46073,47,54.717999,54.318001
46075,39,41.639,50.450001
46077,43,48.634998,51.222
46079,41,49.254002,52.964001
46081,49,48.702999,53.731998
46083,43,47.240002,49.688999
46085,42,47.619999,50.766998
46087,42,51.699001,49.514
46089,43,48.611,51.464001
46091,45,44.443001,55.234001
46093,42,44.054001,48.771
46095,46,53.035,57.648998
46097,42,48.526001,49.841
46099,46,51.212002,54.335999
46101,42,51.819,54.247002
46103,44,46.327999,68.189003
46105,45,45.390999,50.566002
46107,41,43.078999,50.152
46109,45,49.679001,47.278
46111,42,46.673,53.686001
46113,53,61.18,50.206001
46115,44,49.685001,52.276001
46117,42,47.929001,50.112
46119,43,44.287998,49.549
46121,49,59.226002,65.458
46123,42,46.389,49.307999
46125,43,45.863998,49.313999
46127,39,46.953999,48.708
46129,43,45.069,49.993
46135,39,47.078999,50.777
46137,47,57.873001,62.854
47001,42,44.862,48.129002
47003,50,47.313,49.036999
47005,40,44.439999,46.101002
47007,48,47.93,47.449001
47009,43,44.801998,48.823002
47011,43,43.063999,47.567001
47013,38,42.827,45.863998
47015,42,44.372002,48.199001
47017,42,44.675999,45.75
47019,45,44.227001,47.162998
47021,43,43.887001,47.362
47023,42,43.432999,46.734001
47025,39,42.408001,45.577999
47027,46,47.826,47.674999
47029,42,42.640999,46.523998
47031,41,44.433998,48.344002
47033,40,44.131001,46.379002
47035,41,42.514999,46.851002
47037,48,55.477001,59.700001
47039,37,42.633999,45.837002
47041,38,45.076,49.155998
47043,41,45.166,49.500999
47045,47,42.813999,45.290001
47047,41,45.813999,48.558998
47049,46,40.557999,44.77
47051,41,46.129002,50.067001
47053,41,44.066002,47.373001
47055,43,45.091999,48.451
47057,40,42.200001,45.625999
47059,46,44.129002,46.624001
47061,40,46.334999,48.220001
47063,42,44.868999,48.546001
47065,50,51.206001,54.521
47067,38,40.971001,45.717999
47069,42,47.957001,51.169998
47071,40,43.952,48.006001
47073,36,40.387001,42.905998
47075,40,49.021999,51.874001
47077,40,42.879002,44.314999
47079,38,45.568001,48.046001
47081,40,47.164001,49.394001
47083,40,44.452,45.160999
47085,38,45.216999,46.138
47087,41,46.27,45.516998
47089,52,47.173,49.720001
47091,45,43.424999,46.271
47093,45,48.481998,53.113998
47095,41,47.624001,47.724998
47097,46,47.077,49.603001
47099,43,43.900002,47.195
47101,47,48.931999,50.741001
47103,42,43.316002,47.535999
47105,45,45.469002,48.855
47107,48,45.464001,48.948002
47109,42,47.428001,45.612
47111,41,46.549999,45.426998
47113,43,45.412998,50.311001
47115,41,47.129002,49.478001
47117,45,43.606998,46.325001
47119,45,46.541,49.814999
47121,42,43.445999,46.153
47123,46,44.001999,46.412998
47125,44,49.409,53.132
47127,39,41.485001,43.506001
47129,39,42.905998,46.403
47131,39,42.776001,46.327
47133,38,45.292,46.653999
47135,39,47.893002,50.443001
47137,37,41.445,48.553001
47139,41,45.141998,46.865002
47141,44,45.966,48.438999
47143,39,42.495998,49.349998
47145,38,43.394001,46.564999
47147,47,47.348,49.832001
47149,45,48.169998,51.345001
47151,40,41.411999,44.266998
47153,42,44.351002,47.714001
47155,48,45.957001,50.18
47157,44,51.844002,56.408001
47159,44,46.436001,47.867001
47161,38,41.34,42.383999
47163,43,43.351002,45.869999
47165,41,43.976002,47.459
47167,41,42.810001,46.356998
47169,39,48.542,51.653
47171,40,43.687,47.692001
47173,40,41.834999,45.452999
47175,38,45.146999,47.819
47177,45,47.153,49.446999
47179,47,46.245998,49.722
47181,38,42.063,45.259998
47183,41,44.300999,47.862999
47185,43,43.362,44.936001
47187,45,46.865002,52.627998
47189,47,44.787998,49.931
48001,43,43.848999,46.308998
48003,48,45.453999,52.054001
48005,43,45.810001,49.638
48007,44,45.734001,49.702
48009,43,39.942001,43.851002
48011,40,40.360001,47.164001
48013,44,50.437,54.973999
48015,40,42.342999,48.216999
48017,43,44.638,50.847
48019,53,46.532001,49.195
48021,44,52.286999,56.115002
48023,39,40.657001,44.412998
48025,44,51.826,55.264999
48027,45,49.077999,54.831001
48029,51,54.724998,60.304001
48031,43,49.215,52.632
48033,40,39.865002,45.853001
48035,40,41.438,46.737999
48037,46,44.57,45.925999
48039,49,50.217999,54.250999
48041,45,50.057999,56.490002
48043,55,56.188999,61.714001
48045,50,42.227001,46.965
48047,48,59.698002,63.132999
48049,43,40.596001,44.334
48051,40,43.486,46.957001
48053,46,45.055,47.806999
48055,55,53.631001,56.021
48057,44,48.911999,53.087002
48059,42,41.387001,43.404999
48061,53,60.801998,63.023998
48063,40,40.737999,45.902
48065,40,38.960999,40.534
48067,43,42.234001,43.445999
48069,45,49.424999,52.886002
48071,40,42.695,45.289001
48073,41,43.599998,48.099998
48075,53,45.959999,48.320999
48077,41,39.945,43.231998
48079,44,47.833,52.368
48081,40,41.780998,46.894001
48083,45,40.616001,43.666
48085,50,52.331001,57.606998
48087,47,43.851002,47.667999
48089,43,43.512001,47.074001
48091,48,49.205002,51.987999
48093,48,45.609001,46.833
48095,52,49.499001,51.922001
48097,46,43.108002,48.668999
48099,50,47.479,52.176998
48101,49,45.282001,50.591999
48103,48,48.730999,53.616001
48105,41,49.044998,52.342999
48107,49,50.319,51.383999
48109,46,59.481998,63.553001
48111,46,44.771999,47.311001
48113,52,57.597,60.756001
48115,42,47.261002,51.987
48117,47,48.497002,52.310001
48119,49,42.686001,44.334
48121,51,53.360001,57.202999
48123,41,43.505001,47.250999
48125,43,45.327,50.925999
48127,48,59.792999,61.757999
48129,40,41.988998,48.021
48131,51,63.091999,68.164001
48133,43,40.297001,43.227001
48135,52,49.542,54.229
48137,46,49.188999,57.851002
48139,46,55.238998,49.669998
48141,54,54.952,64.987
48143,45,44.528999,48.476002
48145,44,47.345001,50.658001
48147,43,43.862999,47.105
48149,37,39.849998,43.312
48151,45,46.612999,48.952999
48153,42,46.160999,50.529999
48155,39,42.707001,46.688999
48157,44,51.946999,57.415001
48159,40,41.480999,45.938
48161,37,38.752998,42.362
48163,49,58.448002,58.879002
48165,50,46.228001,51.441002
48167,46,49.551998,53.554001
48169,44,45.539001,51.785
48171,49,45.382999,50.738998
48173,42,41.187,46.005001
48175,47,43.046001,48.237
48177,48,48.095001,53.191002
48179,43,41.335999,44.831001
48181,44,46.028999,49.638
48183,43,45.875999,48.432999
48185,40,41.865002,46.041
48187,45,47.558998,51.664001
48189,46,46.987,50.903999
48191,42,44.062,48.925999
48193,39,40.703999,46.785
48195,42,41.396,46.582001
48197,47,44.758999,48.984001
48199,43,40.768002,42.942001
48201,54,55.535999,58.993
48203,41,43.964001,44.977001
48205,41,41.094002,46.162998
48207,39,43.32,49.366001
48209,53,56.417,61.244999
48211,41,42.856998,47.506001
48213,47,45.356998,48.257
48215,57,62.609001,65.889999
48217,47,46.644001,50.215
48219,43,46.174999,50.931999
48221,48,43.707001,46.502998
48223,44,43.764999,46.372002
48225,45,44.653,46.651001
48227,43,45.597,49.611
48229,46,54.748001,59.648998
48231,46,44.994999,48.606998
48233,40,41.187,44.298
48235,43,41.902,45.749001
48237,51,40.189999,42.049
48239,41,42.903,47.529999
48241,45,44.494999,45.467999
48243,47,52.271999,60.227001
48245,40,48.618999,50.201
48247,50,61.044998,66.338997
48249,52,56.639999,59.812
48251,43,44.581001,48.337002
48253,47,44.551998,48.407001
48255,46,48.152,51.097
48257,46,46.626999,49.653999
48259,48,46.792999,50.247002
48261,40,50.889999,56.215
48263,40,42.507,49.012001
48265,44,44.426998,49.139
48267,53,43.292,48.965
48269,38,39.548,41.345001
48271,44,50.758999,55.311001
48273,47,57.028999,62.506001
48275,41,43.709999,48.877998
48277,42,42.195999,45.862
48279,41,42.854,48.155998
48281,42,45.353001,50.071999
48283,48,56.962002,60.723999
48285,43,42.652,45.775002
48287,44,44.285999,47.895
48289,49,41.16,44.890999
48291,45,42.186001,45.047001
48293,38,42.757999,45.455002
48295,47,43.347,45.903999
48297,49,48.66,51.803001
48299,43,43.734001,50.965
48301,40,45.380001,45.241001
48303,50,49.407001,54.245998
48305,43,47.665001,50.599998
48307,54,46.049,49.768002
48309,41,46.032001,50.073002
48311,41,42.671001,50.554001
48313,41,42.905998,48.743
48315,38,43.778,46.897999
48317,43,56.367001,49.362999
48319,55,47.979,51.562
48321,43,47.280998,50.057999
48323,49,48.435001,66.315002
48325,50,49.375,52.530998
48327,46,45.904999,54.521
48329,45,44.5,49.702
48331,42,44.228001,46.743999
48333,39,40.577,45.744999
48335,51,45.823002,47.709
48337,42,41.049999,44.584999
48339,46,44.957001,49.971001
48341,45,47.48,54.028999
48343,44,41.102001,44.394001
48345,40,38.666,42.449001
48347,45,47.768002,51.596001
48349,42,45.016998,49.206001
48351,46,41.808998,46.126999
48353,45,47.134998,48.995998
48355,54,56.007,59.193001
48357,45,43.102001,47.478001
48359,44,41.602001,46.182999
48361,43,41.250999,44.481998
48363,49,45.866001,49.075001
48365,39,37.176998,40.084
48367,41,41.136002,44.303001
48369,46,48.150002,55.346001
48371,44,50.536999,56.613998
48373,48,46.578999,49.977001
48375,47,47.824001,52.507
48377,50,62.415001,68.521004
48379,41,42.297001,46.432999
48381,42,41.668999,45.903
48383,44,45.838001,49.488998
48385,44,45.443001,52.191002
48387,42,43.900002,45.838001
48389,45,55.477001,57.935001
48391,55,53.867001,54.522999
48393,41,38.848,46.456001
48395,45,46.671001,50.193001
48397,49,46.169998,50.422001
48399,45,41.391998,48.507
48401,37,40.426998,43.367001
48403,51,44.254002,45.909
48405,40,42.866001,44.695999
48407,41,43.803001,47.167999
48409,47,51.362999,54.186001
48411,43,43.196999,50.563999
48413,44,46.938,50.544998
48415,44,44.181999,47.415001
48417,44,41.032001,45.058998
48419,46,43.580002,47.164001
48421,43,43.368999,50.713001
48423,42,45.011002,48.837002
48425,39,41.735001,45.852001
48427,50,63.060001,67.084999
48429,43,42.118,46.612999
48431,43,45.219002,48.834999
48433,41,44.183998,46.271999
48435,44,47.376999,50.426998
48437,47,46.201,48.631001
48439,45,48.102001,53.674999
48441,49,46.022999,49.655998
48443,44,48.706001,55.959
48445,48,49.542999,53.519001
48447,50,43.359001,45.415001
48449,38,43.111,47.119999
48451,47,47.647999,52.262001
48453,58,62.301998,66.087997
48455,40,43.095001,45.969002
48457,44,44.421001,46.495998
48459,45,41.147999,44.23
48461,48,45.459999,47.563999
48463,46,53.237,56.806
48465,50,57.16,63.173
48467,45,40.740002,44.837002
48469,48,48.773998,52.737
48471,41,46.493999,50.469002
48473,47,52.362,55.438
48475,41,47.175999,53.314999
48477,42,43.112999,44.905998
48479,52,62.43,65.167999
48481,48,48.137001,50.576
48483,46,41.203999,42.794998
48485,46,45.827999,50.775002
48487,41,42.797001,48.187
48489,48,59.257,62.819
48491,50,51.009998,56.125999
48493,49,49.317001,53.193001
48495,44,46.726002,50.712002
48497,44,41.570999,46.782001
48499,44,42.175999,45.337002
48501,46,47.466999,51.807999
48503,41,40.143002,45.012001
48505,48,60.993,68.470001
48507,49,61.911999,65.151001
49001,38,39.627998,44.062
49003,41,41.312,46.002998
49005,44,43.144001,51.500999
49007,47,46.446999,45.536999
49009,45,45.668999,51.484001
49011,42,41.980999,48.418999
49013,39,38.875,42.277
49015,35,35.926998,39.358002
49017,42,42.084,47.667999
49019,49,54.076,57.976002
49021,43,42.390999,47.311001
49023,39,37.438999,43.473999
49025,46,40.796001,44.501999
49027,36,36.560001,41.706001
49029,38,38.699001,42.709
49031,40,39.521999,44.374001
49033,40,39.331001,47.785999
49035,50,50.785999,59.004002
49037,44,47.603001,53.665001
49039,46,42.960999,48.191002
49041,42,39.172001,43.757
49043,53,52.726002,58.984001
49045,48,46.066002,50.397999
49047,42,40.942001,42.625
49049,45,42.205002,49.810001
49051,44,45.810001,51.094002
49053,43,43.206001,47.969002
49055,50,44.823002,47.856998
49057,49,48.598999,53.761002
50001,57,60.709,63.097
50003,49,56.500999,59.688
50005,51,56.014999,58.866001
50007,55,59.667,62.603001
50009,47,51.952,52.556999
50011,49,53.881001,56.695
50013,55,57.613998,60.515999
50015,53,58.398998,61.118
50017,47,56.603001,59.775002
50019,48,54.161999,56.153999
50021,51,54.875999,56.021
50023,56,59.478001,63.219002
50025,56,60.208,63.966
50027,53,58.473,60.098
51001,45,50.918999,53.535
51003,48,56.209999,61.424
51005,40,47.220001,47.719002
51007,42,44.334,47.001999
51009,44,47.035,48.932999
51011,42,42.658001,47.917999
51013,59,66.094002,69.610001
51015,41,43.66,47.126999
51017,51,50.801998,46.674
51019,44,45.699001,47.223
51021,38,40.834999,41.915001
51023,45,44.445,46.803001
51025,46,52.393002,53.730999
51027,39,42.837002,43.723999
51029,46,49.442001,52.633999
51031,41,43.842999,47.450001
51033,43,51.143002,53.418999
51035,48,47.243,47.029999
51036,42,52.182999,53.985001
51037,42,45.101002,48.702
51041,43,49.216,53.929001
51043,51,51.098,54.026001
51045,50,44.18,45.717999
51047,48,49.037998,52.549
51049,46,47.984001,51.278999
51051,40,44.723,44.426998
51053,42,48.212002,50.851002
51057,52,50.780998,51.820999
51059,53,59.164001,64.419998
51061,48,49.691002,53.264999
51063,45,49.605,53.018002
51065,42,48.578999,52.282001
51067,54,50.625,51.653999
51069,43,47.480999,49.462002
51071,40,45.948002,46.973999
51073,44,48.291,48.492001
51075,44,45.971001,49.312
51077,40,43.057999,45.523998
51079,39,45.715,48.558998
51081,46,52.099998,54.144001
51083,41,47.195,48.945999
51085,44,45.217999,49.040001
51087,48,54.293999,58.443001
51089,43,46.075001,46.757
51091,42,47.091,50.905998
51093,44,49.109001,50.709999
51095,44,50.212002,55.728001
51097,40,47.608002,49.733002
51099,51,49.824001,51.291
51101,43,46.109001,47.346001
51103,46,51.360001,53.870998
51105,40,42.946999,44.397999
51107,51,56.229,62.349998
51109,42,48.001999,50.48
51111,45,48.102001,51.167999
51113,47,49.867001,51.104
51115,45,46.712002,52.026001
51117,47,50.460999,52.719002
51119,49,51.359001,53.907001
51121,48,54.849998,58.470001
51125,42,52.623001,56.473999
51127,42,45.549999,48.867001
51131,45,52.131001,55.073002
51133,49,48.805,49.195
51135,41,48.333,48.587002
51137,45,49.979,52.007
51139,45,47.723999,49.847
51141,43,43.826,45.279999
51143,45,45.084999,47.939999
51145,40,44.318001,48.986
51147,43,51.714001,55.264
51149,44,47.499001,50.988998
51153,48,55.597,59.433998
51155,42,45.324001,47.111
51157,53,54.595001,55.273998
51159,45,48.951,52.938
51161,42,45.140999,48.972
51163,42,46.155998,48.987999
51165,51,47.974998,50.331001
51167,41,43.217999,44.259998
51169,43,42.682999,44.099998
51171,43,45.314999,48.970001
51173,44,45.959999,45.907001
51175,50,49.744999,48.192001
51177,45,50.854,55.367001
51179,50,54.445999,58.782001
51181,44,51.341999,54.636002
51183,42,51.349998,52.868
51185,45,42.751999,44.924
51187,46,50.716999,52.266998
51191,45,44.881001,47.501999
51193,49,50.458,53.799999
51195,45,45.805,46.848
51197,45,45.464001,47.035
51199,46,49.139999,51.694
51510,62,66.917999,70.068001
51520,41,45.428001,49.991001
51530,41,45.132,47.958
51540,54,61.194,65.406998
51550,45,49.637001,53.342999
51570,49,46.632999,49.049
51580,37,49.405998,47.497002
51590,42,51.543999,55.248001
51595,53,52.902,55.658001
51600,53,59.84,64.592003
51610,49,62.508999,67.246002
51620,42,50.801998,53.901001
51630,50,58.970001,63.195
51640,53,50.818001,50.075001
51650,46,57.073002,58.410999
51660,50,55.386002,62.138
51670,46,51.382999,54.931
51678,57,58.028999,63.73
51680,46,50.807999,55.842999
51683,47,44.268002,61.082001
51685,47,57.490002,64.309998
51690,50,54.716999,57.884998
51700,50,56.962002,60.724998
51710,53,59.147999,61.856998
51720,39,44.542,45.284
51730,46,54.351002,58.766998
51735,41,42.687,46.081001
51740,45,55.238998,57.641998
51750,47,51.993999,55.973
51760,59,60.923,63.342999
51770,47,54.535,57.563999
51775,47,49.021999,52.514999
51790,49,54.043999,56.094002
51800,48,54.321999,55.346001
51810,48,52.058998,55.27
51820,52,50.645,53.231998
51830,53,60.209999,64.487999
51840,44,54.723,60.687
53001,47,49.997002,55.564999
53003,46,48.263,50.007999
53005,45,48.042999,51.451
53007,50,51.925999,55.522999
53009,49,53.198002,56.414001
53011,48,51.957001,56.07
53013,51,50.669998,54.348999
53015,48,52.209999,53.268002
53017,48,49.728001,51.797001
53019,48,49.384998,56.441002
53021,50,49.98,54.032001
53023,41,43.966,46.902
53025,46,48.737,53.856998
53027,49,53.694,54.034
53029,53,54.563,58.777
53031,53,57.412998,59.707001
53033,58,62.028999,67.096001
53035,47,54.908001,59.264999
53037,52,53.861,55.792999
53039,47,49.513,54.618
53041,40,45.542999,48.293999
53043,46,47.23,50.525002
53045,49,52.199001,55.549
53047,49,51.507,54.188999
53049,47,53.132999,54.791
53051,51,50.729,53.917
53053,50,54.159,56.834999
53055,58,60.367001,64.165001
53057,48,54.219002,57.944
53059,44,49.773998,54.286999
53061,55,57.16,62.617001
53063,45,49.021999,51.714001
53065,45,47.773998,51.473
53067,49,54.257999,57.330002
53069,42,49.752998,51.630001
53071,49,51.646999,57.924
53073,52,56.735001,60.952999
53075,56,55.030998,61.004002
53077,49,52.481998,57.476002
54001,40,46.498001,50.206001
54003,45,47.058998,49.062
54005,40,43.632999,45.421001
54007,39,46.784,48.395
54009,42,44.700001,44.879002
54011,47,49.865002,51.862
54013,39,45.776001,45.582001
54015,40,45.292,48.205002
54017,42,45.895,45.612999
54019,40,46.674,48.483002
54021,42,48.710999,50.564999
54023,38,37.821999,40.702
54025,38,45.091,47.667
54027,44,45.011002,46.303001
54029,38,43.702999,45.375
54031,46,46.426998,49.561001
54033,39,43.786999,47.043999
54035,45,45.026001,46.449001
54037,49,52.639,54.771999
54039,47,49.513,52.720001
54041,38,42.716999,44.601002
54043,43,45.945999,47.429001
54045,42,43.971001,45.223
54047,42,45.911999,45.328999
54049,41,44.882999,48.617001
54051,37,44.764,45.259998
54053,37,39.369999,40.987
54055,39,42.765999,45.678001
54057,46,43.951,45.400002
54059,39,43.077999,44.601002
54061,45,50.785,55.502998
54063,40,43.101002,45.046001
54065,41,46.155998,47.896999
54067,41,42.879002,44.375999
54069,46,48.598999,51.153999
54071,41,45.716999,49.666
54073,36,42.948002,43.269001
54075,40,45.873001,48.997002
54077,40,44.029999,47.448002
54079,37,41.618,45.254002
54081,41,43.728001,47.523998
54083,45,48.835999,50.695
54085,40,41.810001,43.055
54087,41,46.748001,48.332001
54089,43,48.140999,48.785
54091,38,43.436001,45.911999
54093,42,45.542,47.264999
54095,39,45.73,45.866001
54097,48,46.119999,48.248001
54099,46,44.428001,45.178001
54101,44,48.001999,46.932999
54103,38,45.027,44.779999
54105,39,43.013,44.584
54107,43,45.499001,47.312
54109,38,41.444,44.952999
55001,45,50.777,52.945
55003,45,54.115002,58.255001
55005,45,50.214001,52.862
55007,47,55.601002,59.351002
55009,46,50.570999,53.660999
55011,40,49.555,52.794998
55013,45,49.480999,52.160999
55015,44,49.346001,51.722
55017,50,51.41,53.326
55019,45,49.924,53.875999
55021,44,50.194,53.380001
55023,43,52.002998,53.618
55025,58,63.035,66.856003
55027,45,48.264,51.438999
55029,55,54.636002,57.465
55031,53,55.173,57.351002
55033,47,52.514,55.604
55035,50,54.417,58.660999
55037,43,43.977001,44.799999
55039,44,47.352001,51.134998
55041,43,50.448002,53.646
55043,45,50.915001,53.966999
55045,45,52.361,56.101002
55047,44,47.014,50.818001
55049,46,55.287998,57.935001
55051,43,50.460999,54.852001
55053,44,50.575001,52.707001
55055,45,49.514999,53.66
55057,44,50.695999,52.137001
55059,49,52.333,55.896
55061,43,48.75,50.874001
55063,47,52.669998,56.666
55065,48,53.508999,55.987
55067,50,50.243999,51.244999
55069,44,48.956001,51.772999
55071,44,50.594002,53.332001
55073,47,49.891998,53.719002
55075,43,48.799,49.390999
55077,46,49.591,52.679001
55078,46,57.509998,62.984001
55079,48,58.433998,61.554001
55081,44,49.037998,52.333
55083,44,48.566002,50.638
55085,45,50.106998,54.181999
55087,39,47.381001,51.154999
55089,47,47.91,53.042
55091,47,50.824001,54.125
55093,48,51.660999,55.542999
55095,45,49.445999,52.491001
55097,46,52.598,56.726002
55099,44,50.758999,54.805
55101,44,50.283001,54.025002
55103,44,51.576,53.82
55105,47,54.693001,58.415001
55107,42,49.028999,52.021
55109,50,49.886002,55.028
55111,45,52.501999,56.042999
55113,44,50.296001,54.812
55115,42,49.962002,51.855999
55117,45,48.676998,51.819
55119,42,47.341,50.926998
55121,48,52.890999,54.733002
55123,40,51.395,54.757
55125,45,47.368999,51.540001
55127,48,50.113998,54.610001
55129,44,48.453999,51.651001
55131,42,44.286999,48.813
55133,44,46.056,52.150002
55135,46,49.667,51.758999
55137,44,48.832001,50.855
55139,46,51.212002,53.819
55141,44,49.714001,52.778999
56001,44,54.134998,58.966
56003,42,44.222,47.195999
56005,41,39.235001,41.900002
56007,41,49.009998,49.356998
56009,40,38.618,40.891998
56011,40,41.487999,45.888
56013,41,46.393002,49.882
56015,41,46.259998,47.306
56017,46,47.512001,50.619999
56019,46,44.610001,49.485001
56021,42,46.521,48.379002
56023,40,38.778999,44.756001
56025,41,44.167,45.636002
56027,42,44.373001,47.646999
56029,44,44.035999,49.091
56031,36,40.425999,43.980999
56033,40,43.897999,46.937
56035,45,44.147999,48.955002
56037,42,43.173,44.594002
56039,49,58.261002,63.098999
56041,41,43.884998,48.039001
56043,42,45.749001,48.417
56045,40,41.138,45.136002
